"Toutes les combinaisons (D, B, h, theta) avec verdicts",,,,,,,,,,,,,,,
f = 1219 px  |  HFOV = 76.4 deg  |  VFOV = 47.8 deg  |  Bras = 43 cm,,,,,,,,,,,,,,,
D (cm),B (cm),h (cm),theta (deg),Enclos (cm),Marge bras (cm),x_near (cm),x_far (cm),Bras visible,Robot visible,DeltaZ centre (mm),DeltaZ robot (mm),B/Z centre,Err. rel. (%),Couverture (cm),VERDICT
55,8,28,36,62,12,16.2,130.6,NON,OUI,0.78,3.1,1/3,0.28,86.6,
55,8,28,38,62,12,15,111.4,NON,OUI,0.78,3.1,1/3,0.28,86.6,
55,8,28,40,62,12,13.7,97,NON,OUI,0.78,3.1,1/3,0.28,86.6,
55,8,28,42,62,12,12.5,85.6,NON,OUI,0.78,3.1,1/3,0.28,86.6,
55,8,28,44,62,12,11.4,76.5,OUI,OUI,0.78,3.1,1/3,0.28,86.6,OK
55,8,28,46,62,12,10.2,68.9,OUI,OUI,0.78,3.1,1/3,0.28,86.6,OK
55,8,28,48,62,12,9.2,62.6,OUI,OUI,0.78,3.1,1/3,0.28,86.6,OK
55,8,28,50,62,12,8.1,57.1,OUI,OUI,0.78,3.1,1/3,0.28,86.6,OK
55,8,30,36,62,12,17.4,139.9,NON,OUI,0.78,3.1,1/3,0.28,86.6,
55,8,30,38,62,12,16,119.4,NON,OUI,0.78,3.1,1/3,0.28,86.6,
55,8,30,40,62,12,14.7,103.9,NON,OUI,0.78,3.1,1/3,0.28,86.6,
55,8,30,42,62,12,13.4,91.8,NON,OUI,0.78,3.1,1/3,0.28,86.6,
55,8,30,44,62,12,12.2,82,NON,OUI,0.78,3.1,1/3,0.28,86.6,
55,8,30,46,62,12,11,73.9,OUI,OUI,0.78,3.1,1/3,0.28,86.6,OK
55,8,30,48,62,12,9.8,67,OUI,OUI,0.78,3.1,1/3,0.28,86.6,OK
55,8,30,50,62,12,8.7,61.2,OUI,OUI,0.78,3.1,1/3,0.28,86.6,OK
55,8,33,36,62,12,19.1,153.9,NON,OUI,0.78,3.1,1/3,0.28,86.6,
55,8,33,38,62,12,17.6,131.3,NON,OUI,0.78,3.1,1/3,0.28,86.6,
55,8,33,40,62,12,16.2,114.3,NON,OUI,0.78,3.1,1/3,0.28,86.6,
55,8,33,42,62,12,14.8,100.9,NON,OUI,0.78,3.1,1/3,0.28,86.6,
55,8,33,44,62,12,13.4,90.2,NON,OUI,0.78,3.1,1/3,0.28,86.6,
55,8,33,46,62,12,12.1,81.2,NON,OUI,0.78,3.1,1/3,0.28,86.6,
55,8,33,48,62,12,10.8,73.8,OUI,OUI,0.78,3.1,1/3,0.28,86.6,OK
55,8,33,50,62,12,9.5,67.3,OUI,OUI,0.78,3.1,1/3,0.28,86.6,OK
55,8,35,36,62,12,20.3,163.2,NON,OUI,0.78,3.1,1/3,0.28,86.6,
55,8,35,38,62,12,18.7,139.3,NON,OUI,0.78,3.1,1/3,0.28,86.6,
55,8,35,40,62,12,17.2,121.2,NON,OUI,0.78,3.1,1/3,0.28,86.6,
55,8,35,42,62,12,15.7,107,NON,OUI,0.78,3.1,1/3,0.28,86.6,
55,8,35,44,62,12,14.2,95.6,NON,OUI,0.78,3.1,1/3,0.28,86.6,
55,8,35,46,62,12,12.8,86.2,NON,OUI,0.78,3.1,1/3,0.28,86.6,
55,8,35,48,62,12,11.4,78.2,OUI,OUI,0.78,3.1,1/3,0.28,86.6,OK
55,8,35,50,62,12,10.1,71.4,OUI,OUI,0.78,3.1,1/3,0.28,86.6,OK
55,8,37,36,62,12,21.5,172.5,NON,OUI,0.78,3.1,1/3,0.28,86.6,
55,8,37,38,62,12,19.8,147.2,NON,OUI,0.78,3.1,1/3,0.28,86.6,
55,8,37,40,62,12,18.1,128.1,NON,OUI,0.78,3.1,1/3,0.28,86.6,
55,8,37,42,62,12,16.6,113.2,NON,OUI,0.78,3.1,1/3,0.28,86.6,
55,8,37,44,62,12,15,101.1,NON,OUI,0.78,3.1,1/3,0.28,86.6,
55,8,37,46,62,12,13.5,91.1,NON,OUI,0.78,3.1,1/3,0.28,86.6,
55,8,37,48,62,12,12.1,82.7,NON,OUI,0.78,3.1,1/3,0.28,86.6,
55,8,37,50,62,12,10.7,75.5,OUI,OUI,0.78,3.1,1/3,0.28,86.6,OK
55,8,40,36,62,12,23.2,186.5,NON,OUI,0.78,3.1,1/3,0.28,86.6,
55,8,40,38,62,12,21.4,159.2,NON,OUI,0.78,3.1,1/3,0.28,86.6,
55,8,40,40,62,12,19.6,138.5,NON,OUI,0.78,3.1,1/3,0.28,86.6,
55,8,40,42,62,12,17.9,122.3,NON,OUI,0.78,3.1,1/3,0.28,86.6,
55,8,40,44,62,12,16.2,109.3,NON,OUI,0.78,3.1,1/3,0.28,86.6,
55,8,40,46,62,12,14.6,98.5,NON,OUI,0.78,3.1,1/3,0.28,86.6,
55,8,40,48,62,12,13.1,89.4,NON,OUI,0.78,3.1,1/3,0.28,86.6,
55,8,40,50,62,12,11.5,81.6,OUI,OUI,0.78,3.1,1/3,0.28,86.6,OK
55,10,28,36,62,12,16.2,130.6,NON,OUI,0.62,2.48,1/3,0.23,86.6,
55,10,28,38,62,12,15,111.4,NON,OUI,0.62,2.48,1/3,0.23,86.6,
55,10,28,40,62,12,13.7,97,NON,OUI,0.62,2.48,1/3,0.23,86.6,
55,10,28,42,62,12,12.5,85.6,NON,OUI,0.62,2.48,1/3,0.23,86.6,
55,10,28,44,62,12,11.4,76.5,OUI,OUI,0.62,2.48,1/3,0.23,86.6,OK
55,10,28,46,62,12,10.2,68.9,OUI,OUI,0.62,2.48,1/3,0.23,86.6,OK
55,10,28,48,62,12,9.2,62.6,OUI,OUI,0.62,2.48,1/3,0.23,86.6,OK
55,10,28,50,62,12,8.1,57.1,OUI,OUI,0.62,2.48,1/3,0.23,86.6,OK
55,10,30,36,62,12,17.4,139.9,NON,OUI,0.62,2.48,1/3,0.23,86.6,
55,10,30,38,62,12,16,119.4,NON,OUI,0.62,2.48,1/3,0.23,86.6,
55,10,30,40,62,12,14.7,103.9,NON,OUI,0.62,2.48,1/3,0.23,86.6,
55,10,30,42,62,12,13.4,91.8,NON,OUI,0.62,2.48,1/3,0.23,86.6,
55,10,30,44,62,12,12.2,82,NON,OUI,0.62,2.48,1/3,0.23,86.6,
55,10,30,46,62,12,11,73.9,OUI,OUI,0.62,2.48,1/3,0.23,86.6,OK
55,10,30,48,62,12,9.8,67,OUI,OUI,0.62,2.48,1/3,0.23,86.6,OK
55,10,30,50,62,12,8.7,61.2,OUI,OUI,0.62,2.48,1/3,0.23,86.6,OK
55,10,33,36,62,12,19.1,153.9,NON,OUI,0.62,2.48,1/3,0.23,86.6,
55,10,33,38,62,12,17.6,131.3,NON,OUI,0.62,2.48,1/3,0.23,86.6,
55,10,33,40,62,12,16.2,114.3,NON,OUI,0.62,2.48,1/3,0.23,86.6,
55,10,33,42,62,12,14.8,100.9,NON,OUI,0.62,2.48,1/3,0.23,86.6,
55,10,33,44,62,12,13.4,90.2,NON,OUI,0.62,2.48,1/3,0.23,86.6,
55,10,33,46,62,12,12.1,81.2,NON,OUI,0.62,2.48,1/3,0.23,86.6,
55,10,33,48,62,12,10.8,73.8,OUI,OUI,0.62,2.48,1/3,0.23,86.6,OK
55,10,33,50,62,12,9.5,67.3,OUI,OUI,0.62,2.48,1/3,0.23,86.6,OK
55,10,35,36,62,12,20.3,163.2,NON,OUI,0.62,2.48,1/3,0.23,86.6,
55,10,35,38,62,12,18.7,139.3,NON,OUI,0.62,2.48,1/3,0.23,86.6,
55,10,35,40,62,12,17.2,121.2,NON,OUI,0.62,2.48,1/3,0.23,86.6,
55,10,35,42,62,12,15.7,107,NON,OUI,0.62,2.48,1/3,0.23,86.6,
55,10,35,44,62,12,14.2,95.6,NON,OUI,0.62,2.48,1/3,0.23,86.6,
55,10,35,46,62,12,12.8,86.2,NON,OUI,0.62,2.48,1/3,0.23,86.6,
55,10,35,48,62,12,11.4,78.2,OUI,OUI,0.62,2.48,1/3,0.23,86.6,OK
55,10,35,50,62,12,10.1,71.4,OUI,OUI,0.62,2.48,1/3,0.23,86.6,OK
55,10,37,36,62,12,21.5,172.5,NON,OUI,0.62,2.48,1/3,0.23,86.6,
55,10,37,38,62,12,19.8,147.2,NON,OUI,0.62,2.48,1/3,0.23,86.6,
55,10,37,40,62,12,18.1,128.1,NON,OUI,0.62,2.48,1/3,0.23,86.6,
55,10,37,42,62,12,16.6,113.2,NON,OUI,0.62,2.48,1/3,0.23,86.6,
55,10,37,44,62,12,15,101.1,NON,OUI,0.62,2.48,1/3,0.23,86.6,
55,10,37,46,62,12,13.5,91.1,NON,OUI,0.62,2.48,1/3,0.23,86.6,
55,10,37,48,62,12,12.1,82.7,NON,OUI,0.62,2.48,1/3,0.23,86.6,
55,10,37,50,62,12,10.7,75.5,OUI,OUI,0.62,2.48,1/3,0.23,86.6,OK
55,10,40,36,62,12,23.2,186.5,NON,OUI,0.62,2.48,1/3,0.23,86.6,
55,10,40,38,62,12,21.4,159.2,NON,OUI,0.62,2.48,1/3,0.23,86.6,
55,10,40,40,62,12,19.6,138.5,NON,OUI,0.62,2.48,1/3,0.23,86.6,
55,10,40,42,62,12,17.9,122.3,NON,OUI,0.62,2.48,1/3,0.23,86.6,
55,10,40,44,62,12,16.2,109.3,NON,OUI,0.62,2.48,1/3,0.23,86.6,
55,10,40,46,62,12,14.6,98.5,NON,OUI,0.62,2.48,1/3,0.23,86.6,
55,10,40,48,62,12,13.1,89.4,NON,OUI,0.62,2.48,1/3,0.23,86.6,
55,10,40,50,62,12,11.5,81.6,OUI,OUI,0.62,2.48,1/3,0.23,86.6,OK
55,12,28,36,62,12,16.2,130.6,NON,OUI,0.52,2.07,1/2,0.19,86.6,
55,12,28,38,62,12,15,111.4,NON,OUI,0.52,2.07,1/2,0.19,86.6,
55,12,28,40,62,12,13.7,97,NON,OUI,0.52,2.07,1/2,0.19,86.6,
55,12,28,42,62,12,12.5,85.6,NON,OUI,0.52,2.07,1/2,0.19,86.6,
55,12,28,44,62,12,11.4,76.5,OUI,OUI,0.52,2.07,1/2,0.19,86.6,OK
55,12,28,46,62,12,10.2,68.9,OUI,OUI,0.52,2.07,1/2,0.19,86.6,OK
55,12,28,48,62,12,9.2,62.6,OUI,OUI,0.52,2.07,1/2,0.19,86.6,OK
55,12,28,50,62,12,8.1,57.1,OUI,OUI,0.52,2.07,1/2,0.19,86.6,OK
55,12,30,36,62,12,17.4,139.9,NON,OUI,0.52,2.07,1/2,0.19,86.6,
55,12,30,38,62,12,16,119.4,NON,OUI,0.52,2.07,1/2,0.19,86.6,
55,12,30,40,62,12,14.7,103.9,NON,OUI,0.52,2.07,1/2,0.19,86.6,
55,12,30,42,62,12,13.4,91.8,NON,OUI,0.52,2.07,1/2,0.19,86.6,
55,12,30,44,62,12,12.2,82,NON,OUI,0.52,2.07,1/2,0.19,86.6,
55,12,30,46,62,12,11,73.9,OUI,OUI,0.52,2.07,1/2,0.19,86.6,OK
55,12,30,48,62,12,9.8,67,OUI,OUI,0.52,2.07,1/2,0.19,86.6,OK
55,12,30,50,62,12,8.7,61.2,OUI,OUI,0.52,2.07,1/2,0.19,86.6,OK
55,12,33,36,62,12,19.1,153.9,NON,OUI,0.52,2.07,1/2,0.19,86.6,
55,12,33,38,62,12,17.6,131.3,NON,OUI,0.52,2.07,1/2,0.19,86.6,
55,12,33,40,62,12,16.2,114.3,NON,OUI,0.52,2.07,1/2,0.19,86.6,
55,12,33,42,62,12,14.8,100.9,NON,OUI,0.52,2.07,1/2,0.19,86.6,
55,12,33,44,62,12,13.4,90.2,NON,OUI,0.52,2.07,1/2,0.19,86.6,
55,12,33,46,62,12,12.1,81.2,NON,OUI,0.52,2.07,1/2,0.19,86.6,
55,12,33,48,62,12,10.8,73.8,OUI,OUI,0.52,2.07,1/2,0.19,86.6,OK
55,12,33,50,62,12,9.5,67.3,OUI,OUI,0.52,2.07,1/2,0.19,86.6,OK
55,12,35,36,62,12,20.3,163.2,NON,OUI,0.52,2.07,1/2,0.19,86.6,
55,12,35,38,62,12,18.7,139.3,NON,OUI,0.52,2.07,1/2,0.19,86.6,
55,12,35,40,62,12,17.2,121.2,NON,OUI,0.52,2.07,1/2,0.19,86.6,
55,12,35,42,62,12,15.7,107,NON,OUI,0.52,2.07,1/2,0.19,86.6,
55,12,35,44,62,12,14.2,95.6,NON,OUI,0.52,2.07,1/2,0.19,86.6,
55,12,35,46,62,12,12.8,86.2,NON,OUI,0.52,2.07,1/2,0.19,86.6,
55,12,35,48,62,12,11.4,78.2,OUI,OUI,0.52,2.07,1/2,0.19,86.6,OK
55,12,35,50,62,12,10.1,71.4,OUI,OUI,0.52,2.07,1/2,0.19,86.6,OK
55,12,37,36,62,12,21.5,172.5,NON,OUI,0.52,2.07,1/2,0.19,86.6,
55,12,37,38,62,12,19.8,147.2,NON,OUI,0.52,2.07,1/2,0.19,86.6,
55,12,37,40,62,12,18.1,128.1,NON,OUI,0.52,2.07,1/2,0.19,86.6,
55,12,37,42,62,12,16.6,113.2,NON,OUI,0.52,2.07,1/2,0.19,86.6,
55,12,37,44,62,12,15,101.1,NON,OUI,0.52,2.07,1/2,0.19,86.6,
55,12,37,46,62,12,13.5,91.1,NON,OUI,0.52,2.07,1/2,0.19,86.6,
55,12,37,48,62,12,12.1,82.7,NON,OUI,0.52,2.07,1/2,0.19,86.6,
55,12,37,50,62,12,10.7,75.5,OUI,OUI,0.52,2.07,1/2,0.19,86.6,OK
55,12,40,36,62,12,23.2,186.5,NON,OUI,0.52,2.07,1/2,0.19,86.6,
55,12,40,38,62,12,21.4,159.2,NON,OUI,0.52,2.07,1/2,0.19,86.6,
55,12,40,40,62,12,19.6,138.5,NON,OUI,0.52,2.07,1/2,0.19,86.6,
55,12,40,42,62,12,17.9,122.3,NON,OUI,0.52,2.07,1/2,0.19,86.6,
55,12,40,44,62,12,16.2,109.3,NON,OUI,0.52,2.07,1/2,0.19,86.6,
55,12,40,46,62,12,14.6,98.5,NON,OUI,0.52,2.07,1/2,0.19,86.6,
55,12,40,48,62,12,13.1,89.4,NON,OUI,0.52,2.07,1/2,0.19,86.6,
55,12,40,50,62,12,11.5,81.6,OUI,OUI,0.52,2.07,1/2,0.19,86.6,OK
55,15,28,36,62,12,16.2,130.6,NON,OUI,0.41,1.65,1/2,0.15,86.6,
55,15,28,38,62,12,15,111.4,NON,OUI,0.41,1.65,1/2,0.15,86.6,
55,15,28,40,62,12,13.7,97,NON,OUI,0.41,1.65,1/2,0.15,86.6,
55,15,28,42,62,12,12.5,85.6,NON,OUI,0.41,1.65,1/2,0.15,86.6,
55,15,28,44,62,12,11.4,76.5,OUI,OUI,0.41,1.65,1/2,0.15,86.6,OK
55,15,28,46,62,12,10.2,68.9,OUI,OUI,0.41,1.65,1/2,0.15,86.6,OK
55,15,28,48,62,12,9.2,62.6,OUI,OUI,0.41,1.65,1/2,0.15,86.6,OK
55,15,28,50,62,12,8.1,57.1,OUI,OUI,0.41,1.65,1/2,0.15,86.6,OK
55,15,30,36,62,12,17.4,139.9,NON,OUI,0.41,1.65,1/2,0.15,86.6,
55,15,30,38,62,12,16,119.4,NON,OUI,0.41,1.65,1/2,0.15,86.6,
55,15,30,40,62,12,14.7,103.9,NON,OUI,0.41,1.65,1/2,0.15,86.6,
55,15,30,42,62,12,13.4,91.8,NON,OUI,0.41,1.65,1/2,0.15,86.6,
55,15,30,44,62,12,12.2,82,NON,OUI,0.41,1.65,1/2,0.15,86.6,
55,15,30,46,62,12,11,73.9,OUI,OUI,0.41,1.65,1/2,0.15,86.6,OK
55,15,30,48,62,12,9.8,67,OUI,OUI,0.41,1.65,1/2,0.15,86.6,OK
55,15,30,50,62,12,8.7,61.2,OUI,OUI,0.41,1.65,1/2,0.15,86.6,OK
55,15,33,36,62,12,19.1,153.9,NON,OUI,0.41,1.65,1/2,0.15,86.6,
55,15,33,38,62,12,17.6,131.3,NON,OUI,0.41,1.65,1/2,0.15,86.6,
55,15,33,40,62,12,16.2,114.3,NON,OUI,0.41,1.65,1/2,0.15,86.6,
55,15,33,42,62,12,14.8,100.9,NON,OUI,0.41,1.65,1/2,0.15,86.6,
55,15,33,44,62,12,13.4,90.2,NON,OUI,0.41,1.65,1/2,0.15,86.6,
55,15,33,46,62,12,12.1,81.2,NON,OUI,0.41,1.65,1/2,0.15,86.6,
55,15,33,48,62,12,10.8,73.8,OUI,OUI,0.41,1.65,1/2,0.15,86.6,OK
55,15,33,50,62,12,9.5,67.3,OUI,OUI,0.41,1.65,1/2,0.15,86.6,OK
55,15,35,36,62,12,20.3,163.2,NON,OUI,0.41,1.65,1/2,0.15,86.6,
55,15,35,38,62,12,18.7,139.3,NON,OUI,0.41,1.65,1/2,0.15,86.6,
55,15,35,40,62,12,17.2,121.2,NON,OUI,0.41,1.65,1/2,0.15,86.6,
55,15,35,42,62,12,15.7,107,NON,OUI,0.41,1.65,1/2,0.15,86.6,
55,15,35,44,62,12,14.2,95.6,NON,OUI,0.41,1.65,1/2,0.15,86.6,
55,15,35,46,62,12,12.8,86.2,NON,OUI,0.41,1.65,1/2,0.15,86.6,
55,15,35,48,62,12,11.4,78.2,OUI,OUI,0.41,1.65,1/2,0.15,86.6,OK
55,15,35,50,62,12,10.1,71.4,OUI,OUI,0.41,1.65,1/2,0.15,86.6,OK
55,15,37,36,62,12,21.5,172.5,NON,OUI,0.41,1.65,1/2,0.15,86.6,
55,15,37,38,62,12,19.8,147.2,NON,OUI,0.41,1.65,1/2,0.15,86.6,
55,15,37,40,62,12,18.1,128.1,NON,OUI,0.41,1.65,1/2,0.15,86.6,
55,15,37,42,62,12,16.6,113.2,NON,OUI,0.41,1.65,1/2,0.15,86.6,
55,15,37,44,62,12,15,101.1,NON,OUI,0.41,1.65,1/2,0.15,86.6,
55,15,37,46,62,12,13.5,91.1,NON,OUI,0.41,1.65,1/2,0.15,86.6,
55,15,37,48,62,12,12.1,82.7,NON,OUI,0.41,1.65,1/2,0.15,86.6,
55,15,37,50,62,12,10.7,75.5,OUI,OUI,0.41,1.65,1/2,0.15,86.6,OK
55,15,40,36,62,12,23.2,186.5,NON,OUI,0.41,1.65,1/2,0.15,86.6,
55,15,40,38,62,12,21.4,159.2,NON,OUI,0.41,1.65,1/2,0.15,86.6,
55,15,40,40,62,12,19.6,138.5,NON,OUI,0.41,1.65,1/2,0.15,86.6,
55,15,40,42,62,12,17.9,122.3,NON,OUI,0.41,1.65,1/2,0.15,86.6,
55,15,40,44,62,12,16.2,109.3,NON,OUI,0.41,1.65,1/2,0.15,86.6,
55,15,40,46,62,12,14.6,98.5,NON,OUI,0.41,1.65,1/2,0.15,86.6,
55,15,40,48,62,12,13.1,89.4,NON,OUI,0.41,1.65,1/2,0.15,86.6,
55,15,40,50,62,12,11.5,81.6,OUI,OUI,0.41,1.65,1/2,0.15,86.6,OK
58,8,28,36,65,15,16.2,130.6,NON,OUI,0.86,3.45,1/4,0.3,91.3,
58,8,28,38,65,15,15,111.4,OUI,OUI,0.86,3.45,1/4,0.3,91.3,OK
58,8,28,40,65,15,13.7,97,OUI,OUI,0.86,3.45,1/4,0.3,91.3,OK
58,8,28,42,65,15,12.5,85.6,OUI,OUI,0.86,3.45,1/4,0.3,91.3,OK
58,8,28,44,65,15,11.4,76.5,OUI,OUI,0.86,3.45,1/4,0.3,91.3,OK
58,8,28,46,65,15,10.2,68.9,OUI,OUI,0.86,3.45,1/4,0.3,91.3,OK
58,8,28,48,65,15,9.2,62.6,OUI,OUI,0.86,3.45,1/4,0.3,91.3,OK
58,8,28,50,65,15,8.1,57.1,OUI,NON,0.86,3.45,1/4,0.3,91.3,
58,8,30,36,65,15,17.4,139.9,NON,OUI,0.86,3.45,1/4,0.3,91.3,
58,8,30,38,65,15,16,119.4,NON,OUI,0.86,3.45,1/4,0.3,91.3,
58,8,30,40,65,15,14.7,103.9,OUI,OUI,0.86,3.45,1/4,0.3,91.3,OK
58,8,30,42,65,15,13.4,91.8,OUI,OUI,0.86,3.45,1/4,0.3,91.3,OK
58,8,30,44,65,15,12.2,82,OUI,OUI,0.86,3.45,1/4,0.3,91.3,OK
58,8,30,46,65,15,11,73.9,OUI,OUI,0.86,3.45,1/4,0.3,91.3,OK
58,8,30,48,65,15,9.8,67,OUI,OUI,0.86,3.45,1/4,0.3,91.3,OK
58,8,30,50,65,15,8.7,61.2,OUI,OUI,0.86,3.45,1/4,0.3,91.3,OK
58,8,33,36,65,15,19.1,153.9,NON,OUI,0.86,3.45,1/4,0.3,91.3,
58,8,33,38,65,15,17.6,131.3,NON,OUI,0.86,3.45,1/4,0.3,91.3,
58,8,33,40,65,15,16.2,114.3,NON,OUI,0.86,3.45,1/4,0.3,91.3,
58,8,33,42,65,15,14.8,100.9,OUI,OUI,0.86,3.45,1/4,0.3,91.3,OK
58,8,33,44,65,15,13.4,90.2,OUI,OUI,0.86,3.45,1/4,0.3,91.3,OK
58,8,33,46,65,15,12.1,81.2,OUI,OUI,0.86,3.45,1/4,0.3,91.3,OK
58,8,33,48,65,15,10.8,73.8,OUI,OUI,0.86,3.45,1/4,0.3,91.3,OK
58,8,33,50,65,15,9.5,67.3,OUI,OUI,0.86,3.45,1/4,0.3,91.3,OK
58,8,35,36,65,15,20.3,163.2,NON,OUI,0.86,3.45,1/4,0.3,91.3,
58,8,35,38,65,15,18.7,139.3,NON,OUI,0.86,3.45,1/4,0.3,91.3,
58,8,35,40,65,15,17.2,121.2,NON,OUI,0.86,3.45,1/4,0.3,91.3,
58,8,35,42,65,15,15.7,107,NON,OUI,0.86,3.45,1/4,0.3,91.3,
58,8,35,44,65,15,14.2,95.6,OUI,OUI,0.86,3.45,1/4,0.3,91.3,OK
58,8,35,46,65,15,12.8,86.2,OUI,OUI,0.86,3.45,1/4,0.3,91.3,OK
58,8,35,48,65,15,11.4,78.2,OUI,OUI,0.86,3.45,1/4,0.3,91.3,OK
58,8,35,50,65,15,10.1,71.4,OUI,OUI,0.86,3.45,1/4,0.3,91.3,OK
58,8,37,36,65,15,21.5,172.5,NON,OUI,0.86,3.45,1/4,0.3,91.3,
58,8,37,38,65,15,19.8,147.2,NON,OUI,0.86,3.45,1/4,0.3,91.3,
58,8,37,40,65,15,18.1,128.1,NON,OUI,0.86,3.45,1/4,0.3,91.3,
58,8,37,42,65,15,16.6,113.2,NON,OUI,0.86,3.45,1/4,0.3,91.3,
58,8,37,44,65,15,15,101.1,NON,OUI,0.86,3.45,1/4,0.3,91.3,
58,8,37,46,65,15,13.5,91.1,OUI,OUI,0.86,3.45,1/4,0.3,91.3,OK
58,8,37,48,65,15,12.1,82.7,OUI,OUI,0.86,3.45,1/4,0.3,91.3,OK
58,8,37,50,65,15,10.7,75.5,OUI,OUI,0.86,3.45,1/4,0.3,91.3,OK
58,8,40,36,65,15,23.2,186.5,NON,OUI,0.86,3.45,1/4,0.3,91.3,
58,8,40,38,65,15,21.4,159.2,NON,OUI,0.86,3.45,1/4,0.3,91.3,
58,8,40,40,65,15,19.6,138.5,NON,OUI,0.86,3.45,1/4,0.3,91.3,
58,8,40,42,65,15,17.9,122.3,NON,OUI,0.86,3.45,1/4,0.3,91.3,
58,8,40,44,65,15,16.2,109.3,NON,OUI,0.86,3.45,1/4,0.3,91.3,
58,8,40,46,65,15,14.6,98.5,OUI,OUI,0.86,3.45,1/4,0.3,91.3,OK
58,8,40,48,65,15,13.1,89.4,OUI,OUI,0.86,3.45,1/4,0.3,91.3,OK
58,8,40,50,65,15,11.5,81.6,OUI,OUI,0.86,3.45,1/4,0.3,91.3,OK
58,10,28,36,65,15,16.2,130.6,NON,OUI,0.69,2.76,1/3,0.24,91.3,
58,10,28,38,65,15,15,111.4,OUI,OUI,0.69,2.76,1/3,0.24,91.3,OK
58,10,28,40,65,15,13.7,97,OUI,OUI,0.69,2.76,1/3,0.24,91.3,OK
58,10,28,42,65,15,12.5,85.6,OUI,OUI,0.69,2.76,1/3,0.24,91.3,OK
58,10,28,44,65,15,11.4,76.5,OUI,OUI,0.69,2.76,1/3,0.24,91.3,OK
58,10,28,46,65,15,10.2,68.9,OUI,OUI,0.69,2.76,1/3,0.24,91.3,OK
58,10,28,48,65,15,9.2,62.6,OUI,OUI,0.69,2.76,1/3,0.24,91.3,OK
58,10,28,50,65,15,8.1,57.1,OUI,NON,0.69,2.76,1/3,0.24,91.3,
58,10,30,36,65,15,17.4,139.9,NON,OUI,0.69,2.76,1/3,0.24,91.3,
58,10,30,38,65,15,16,119.4,NON,OUI,0.69,2.76,1/3,0.24,91.3,
58,10,30,40,65,15,14.7,103.9,OUI,OUI,0.69,2.76,1/3,0.24,91.3,OK
58,10,30,42,65,15,13.4,91.8,OUI,OUI,0.69,2.76,1/3,0.24,91.3,OK
58,10,30,44,65,15,12.2,82,OUI,OUI,0.69,2.76,1/3,0.24,91.3,OK
58,10,30,46,65,15,11,73.9,OUI,OUI,0.69,2.76,1/3,0.24,91.3,OK
58,10,30,48,65,15,9.8,67,OUI,OUI,0.69,2.76,1/3,0.24,91.3,OK
58,10,30,50,65,15,8.7,61.2,OUI,OUI,0.69,2.76,1/3,0.24,91.3,OK
58,10,33,36,65,15,19.1,153.9,NON,OUI,0.69,2.76,1/3,0.24,91.3,
58,10,33,38,65,15,17.6,131.3,NON,OUI,0.69,2.76,1/3,0.24,91.3,
58,10,33,40,65,15,16.2,114.3,NON,OUI,0.69,2.76,1/3,0.24,91.3,
58,10,33,42,65,15,14.8,100.9,OUI,OUI,0.69,2.76,1/3,0.24,91.3,OK
58,10,33,44,65,15,13.4,90.2,OUI,OUI,0.69,2.76,1/3,0.24,91.3,OK
58,10,33,46,65,15,12.1,81.2,OUI,OUI,0.69,2.76,1/3,0.24,91.3,OK
58,10,33,48,65,15,10.8,73.8,OUI,OUI,0.69,2.76,1/3,0.24,91.3,OK
58,10,33,50,65,15,9.5,67.3,OUI,OUI,0.69,2.76,1/3,0.24,91.3,OK
58,10,35,36,65,15,20.3,163.2,NON,OUI,0.69,2.76,1/3,0.24,91.3,
58,10,35,38,65,15,18.7,139.3,NON,OUI,0.69,2.76,1/3,0.24,91.3,
58,10,35,40,65,15,17.2,121.2,NON,OUI,0.69,2.76,1/3,0.24,91.3,
58,10,35,42,65,15,15.7,107,NON,OUI,0.69,2.76,1/3,0.24,91.3,
58,10,35,44,65,15,14.2,95.6,OUI,OUI,0.69,2.76,1/3,0.24,91.3,OK
58,10,35,46,65,15,12.8,86.2,OUI,OUI,0.69,2.76,1/3,0.24,91.3,OK
58,10,35,48,65,15,11.4,78.2,OUI,OUI,0.69,2.76,1/3,0.24,91.3,OK
58,10,35,50,65,15,10.1,71.4,OUI,OUI,0.69,2.76,1/3,0.24,91.3,OK
58,10,37,36,65,15,21.5,172.5,NON,OUI,0.69,2.76,1/3,0.24,91.3,
58,10,37,38,65,15,19.8,147.2,NON,OUI,0.69,2.76,1/3,0.24,91.3,
58,10,37,40,65,15,18.1,128.1,NON,OUI,0.69,2.76,1/3,0.24,91.3,
58,10,37,42,65,15,16.6,113.2,NON,OUI,0.69,2.76,1/3,0.24,91.3,
58,10,37,44,65,15,15,101.1,NON,OUI,0.69,2.76,1/3,0.24,91.3,
58,10,37,46,65,15,13.5,91.1,OUI,OUI,0.69,2.76,1/3,0.24,91.3,OK
58,10,37,48,65,15,12.1,82.7,OUI,OUI,0.69,2.76,1/3,0.24,91.3,OK
58,10,37,50,65,15,10.7,75.5,OUI,OUI,0.69,2.76,1/3,0.24,91.3,OK
58,10,40,36,65,15,23.2,186.5,NON,OUI,0.69,2.76,1/3,0.24,91.3,
58,10,40,38,65,15,21.4,159.2,NON,OUI,0.69,2.76,1/3,0.24,91.3,
58,10,40,40,65,15,19.6,138.5,NON,OUI,0.69,2.76,1/3,0.24,91.3,
58,10,40,42,65,15,17.9,122.3,NON,OUI,0.69,2.76,1/3,0.24,91.3,
58,10,40,44,65,15,16.2,109.3,NON,OUI,0.69,2.76,1/3,0.24,91.3,
58,10,40,46,65,15,14.6,98.5,OUI,OUI,0.69,2.76,1/3,0.24,91.3,OK
58,10,40,48,65,15,13.1,89.4,OUI,OUI,0.69,2.76,1/3,0.24,91.3,OK
58,10,40,50,65,15,11.5,81.6,OUI,OUI,0.69,2.76,1/3,0.24,91.3,OK
58,12,28,36,65,15,16.2,130.6,NON,OUI,0.57,2.3,1/2,0.2,91.3,
58,12,28,38,65,15,15,111.4,OUI,OUI,0.57,2.3,1/2,0.2,91.3,OK
58,12,28,40,65,15,13.7,97,OUI,OUI,0.57,2.3,1/2,0.2,91.3,OK
58,12,28,42,65,15,12.5,85.6,OUI,OUI,0.57,2.3,1/2,0.2,91.3,OK
58,12,28,44,65,15,11.4,76.5,OUI,OUI,0.57,2.3,1/2,0.2,91.3,OK
58,12,28,46,65,15,10.2,68.9,OUI,OUI,0.57,2.3,1/2,0.2,91.3,OK
58,12,28,48,65,15,9.2,62.6,OUI,OUI,0.57,2.3,1/2,0.2,91.3,OK
58,12,28,50,65,15,8.1,57.1,OUI,NON,0.57,2.3,1/2,0.2,91.3,
58,12,30,36,65,15,17.4,139.9,NON,OUI,0.57,2.3,1/2,0.2,91.3,
58,12,30,38,65,15,16,119.4,NON,OUI,0.57,2.3,1/2,0.2,91.3,
58,12,30,40,65,15,14.7,103.9,OUI,OUI,0.57,2.3,1/2,0.2,91.3,OK
58,12,30,42,65,15,13.4,91.8,OUI,OUI,0.57,2.3,1/2,0.2,91.3,OK
58,12,30,44,65,15,12.2,82,OUI,OUI,0.57,2.3,1/2,0.2,91.3,OK
58,12,30,46,65,15,11,73.9,OUI,OUI,0.57,2.3,1/2,0.2,91.3,OK
58,12,30,48,65,15,9.8,67,OUI,OUI,0.57,2.3,1/2,0.2,91.3,OK
58,12,30,50,65,15,8.7,61.2,OUI,OUI,0.57,2.3,1/2,0.2,91.3,OK
58,12,33,36,65,15,19.1,153.9,NON,OUI,0.57,2.3,1/2,0.2,91.3,
58,12,33,38,65,15,17.6,131.3,NON,OUI,0.57,2.3,1/2,0.2,91.3,
58,12,33,40,65,15,16.2,114.3,NON,OUI,0.57,2.3,1/2,0.2,91.3,
58,12,33,42,65,15,14.8,100.9,OUI,OUI,0.57,2.3,1/2,0.2,91.3,OK
58,12,33,44,65,15,13.4,90.2,OUI,OUI,0.57,2.3,1/2,0.2,91.3,OK
58,12,33,46,65,15,12.1,81.2,OUI,OUI,0.57,2.3,1/2,0.2,91.3,OK
58,12,33,48,65,15,10.8,73.8,OUI,OUI,0.57,2.3,1/2,0.2,91.3,OK
58,12,33,50,65,15,9.5,67.3,OUI,OUI,0.57,2.3,1/2,0.2,91.3,OK
58,12,35,36,65,15,20.3,163.2,NON,OUI,0.57,2.3,1/2,0.2,91.3,
58,12,35,38,65,15,18.7,139.3,NON,OUI,0.57,2.3,1/2,0.2,91.3,
58,12,35,40,65,15,17.2,121.2,NON,OUI,0.57,2.3,1/2,0.2,91.3,
58,12,35,42,65,15,15.7,107,NON,OUI,0.57,2.3,1/2,0.2,91.3,
58,12,35,44,65,15,14.2,95.6,OUI,OUI,0.57,2.3,1/2,0.2,91.3,OK
58,12,35,46,65,15,12.8,86.2,OUI,OUI,0.57,2.3,1/2,0.2,91.3,OK
58,12,35,48,65,15,11.4,78.2,OUI,OUI,0.57,2.3,1/2,0.2,91.3,OK
58,12,35,50,65,15,10.1,71.4,OUI,OUI,0.57,2.3,1/2,0.2,91.3,OK
58,12,37,36,65,15,21.5,172.5,NON,OUI,0.57,2.3,1/2,0.2,91.3,
58,12,37,38,65,15,19.8,147.2,NON,OUI,0.57,2.3,1/2,0.2,91.3,
58,12,37,40,65,15,18.1,128.1,NON,OUI,0.57,2.3,1/2,0.2,91.3,
58,12,37,42,65,15,16.6,113.2,NON,OUI,0.57,2.3,1/2,0.2,91.3,
58,12,37,44,65,15,15,101.1,NON,OUI,0.57,2.3,1/2,0.2,91.3,
58,12,37,46,65,15,13.5,91.1,OUI,OUI,0.57,2.3,1/2,0.2,91.3,OK
58,12,37,48,65,15,12.1,82.7,OUI,OUI,0.57,2.3,1/2,0.2,91.3,OK
58,12,37,50,65,15,10.7,75.5,OUI,OUI,0.57,2.3,1/2,0.2,91.3,OK
58,12,40,36,65,15,23.2,186.5,NON,OUI,0.57,2.3,1/2,0.2,91.3,
58,12,40,38,65,15,21.4,159.2,NON,OUI,0.57,2.3,1/2,0.2,91.3,
58,12,40,40,65,15,19.6,138.5,NON,OUI,0.57,2.3,1/2,0.2,91.3,
58,12,40,42,65,15,17.9,122.3,NON,OUI,0.57,2.3,1/2,0.2,91.3,
58,12,40,44,65,15,16.2,109.3,NON,OUI,0.57,2.3,1/2,0.2,91.3,
58,12,40,46,65,15,14.6,98.5,OUI,OUI,0.57,2.3,1/2,0.2,91.3,OK
58,12,40,48,65,15,13.1,89.4,OUI,OUI,0.57,2.3,1/2,0.2,91.3,OK
58,12,40,50,65,15,11.5,81.6,OUI,OUI,0.57,2.3,1/2,0.2,91.3,OK
58,15,28,36,65,15,16.2,130.6,NON,OUI,0.46,1.84,1/2,0.16,91.3,
58,15,28,38,65,15,15,111.4,OUI,OUI,0.46,1.84,1/2,0.16,91.3,OK
58,15,28,40,65,15,13.7,97,OUI,OUI,0.46,1.84,1/2,0.16,91.3,OK
58,15,28,42,65,15,12.5,85.6,OUI,OUI,0.46,1.84,1/2,0.16,91.3,OK
58,15,28,44,65,15,11.4,76.5,OUI,OUI,0.46,1.84,1/2,0.16,91.3,OK
58,15,28,46,65,15,10.2,68.9,OUI,OUI,0.46,1.84,1/2,0.16,91.3,OK
58,15,28,48,65,15,9.2,62.6,OUI,OUI,0.46,1.84,1/2,0.16,91.3,OK
58,15,28,50,65,15,8.1,57.1,OUI,NON,0.46,1.84,1/2,0.16,91.3,
58,15,30,36,65,15,17.4,139.9,NON,OUI,0.46,1.84,1/2,0.16,91.3,
58,15,30,38,65,15,16,119.4,NON,OUI,0.46,1.84,1/2,0.16,91.3,
58,15,30,40,65,15,14.7,103.9,OUI,OUI,0.46,1.84,1/2,0.16,91.3,OK
58,15,30,42,65,15,13.4,91.8,OUI,OUI,0.46,1.84,1/2,0.16,91.3,OK
58,15,30,44,65,15,12.2,82,OUI,OUI,0.46,1.84,1/2,0.16,91.3,OK
58,15,30,46,65,15,11,73.9,OUI,OUI,0.46,1.84,1/2,0.16,91.3,OK
58,15,30,48,65,15,9.8,67,OUI,OUI,0.46,1.84,1/2,0.16,91.3,OK
58,15,30,50,65,15,8.7,61.2,OUI,OUI,0.46,1.84,1/2,0.16,91.3,OK
58,15,33,36,65,15,19.1,153.9,NON,OUI,0.46,1.84,1/2,0.16,91.3,
58,15,33,38,65,15,17.6,131.3,NON,OUI,0.46,1.84,1/2,0.16,91.3,
58,15,33,40,65,15,16.2,114.3,NON,OUI,0.46,1.84,1/2,0.16,91.3,
58,15,33,42,65,15,14.8,100.9,OUI,OUI,0.46,1.84,1/2,0.16,91.3,OK
58,15,33,44,65,15,13.4,90.2,OUI,OUI,0.46,1.84,1/2,0.16,91.3,OK
58,15,33,46,65,15,12.1,81.2,OUI,OUI,0.46,1.84,1/2,0.16,91.3,OK
58,15,33,48,65,15,10.8,73.8,OUI,OUI,0.46,1.84,1/2,0.16,91.3,OK
58,15,33,50,65,15,9.5,67.3,OUI,OUI,0.46,1.84,1/2,0.16,91.3,OK
58,15,35,36,65,15,20.3,163.2,NON,OUI,0.46,1.84,1/2,0.16,91.3,
58,15,35,38,65,15,18.7,139.3,NON,OUI,0.46,1.84,1/2,0.16,91.3,
58,15,35,40,65,15,17.2,121.2,NON,OUI,0.46,1.84,1/2,0.16,91.3,
58,15,35,42,65,15,15.7,107,NON,OUI,0.46,1.84,1/2,0.16,91.3,
58,15,35,44,65,15,14.2,95.6,OUI,OUI,0.46,1.84,1/2,0.16,91.3,OK
58,15,35,46,65,15,12.8,86.2,OUI,OUI,0.46,1.84,1/2,0.16,91.3,OK
58,15,35,48,65,15,11.4,78.2,OUI,OUI,0.46,1.84,1/2,0.16,91.3,OK
58,15,35,50,65,15,10.1,71.4,OUI,OUI,0.46,1.84,1/2,0.16,91.3,OK
58,15,37,36,65,15,21.5,172.5,NON,OUI,0.46,1.84,1/2,0.16,91.3,
58,15,37,38,65,15,19.8,147.2,NON,OUI,0.46,1.84,1/2,0.16,91.3,
58,15,37,40,65,15,18.1,128.1,NON,OUI,0.46,1.84,1/2,0.16,91.3,
58,15,37,42,65,15,16.6,113.2,NON,OUI,0.46,1.84,1/2,0.16,91.3,
58,15,37,44,65,15,15,101.1,NON,OUI,0.46,1.84,1/2,0.16,91.3,
58,15,37,46,65,15,13.5,91.1,OUI,OUI,0.46,1.84,1/2,0.16,91.3,OK
58,15,37,48,65,15,12.1,82.7,OUI,OUI,0.46,1.84,1/2,0.16,91.3,OK
58,15,37,50,65,15,10.7,75.5,OUI,OUI,0.46,1.84,1/2,0.16,91.3,OK
58,15,40,36,65,15,23.2,186.5,NON,OUI,0.46,1.84,1/2,0.16,91.3,
58,15,40,38,65,15,21.4,159.2,NON,OUI,0.46,1.84,1/2,0.16,91.3,
58,15,40,40,65,15,19.6,138.5,NON,OUI,0.46,1.84,1/2,0.16,91.3,
58,15,40,42,65,15,17.9,122.3,NON,OUI,0.46,1.84,1/2,0.16,91.3,
58,15,40,44,65,15,16.2,109.3,NON,OUI,0.46,1.84,1/2,0.16,91.3,
58,15,40,46,65,15,14.6,98.5,OUI,OUI,0.46,1.84,1/2,0.16,91.3,OK
58,15,40,48,65,15,13.1,89.4,OUI,OUI,0.46,1.84,1/2,0.16,91.3,OK
58,15,40,50,65,15,11.5,81.6,OUI,OUI,0.46,1.84,1/2,0.16,91.3,OK
60,8,28,36,67,17,16.2,130.6,OUI,OUI,0.92,3.69,1/4,0.31,94.5,OK
60,8,28,38,67,17,15,111.4,OUI,OUI,0.92,3.69,1/4,0.31,94.5,OK
60,8,28,40,67,17,13.7,97,OUI,OUI,0.92,3.69,1/4,0.31,94.5,OK
60,8,28,42,67,17,12.5,85.6,OUI,OUI,0.92,3.69,1/4,0.31,94.5,OK
60,8,28,44,67,17,11.4,76.5,OUI,OUI,0.92,3.69,1/4,0.31,94.5,OK
60,8,28,46,67,17,10.2,68.9,OUI,OUI,0.92,3.69,1/4,0.31,94.5,OK
60,8,28,48,67,17,9.2,62.6,OUI,OUI,0.92,3.69,1/4,0.31,94.5,OK
60,8,28,50,67,17,8.1,57.1,OUI,NON,0.92,3.69,1/4,0.31,94.5,
60,8,30,36,67,17,17.4,139.9,NON,OUI,0.92,3.69,1/4,0.31,94.5,
60,8,30,38,67,17,16,119.4,OUI,OUI,0.92,3.69,1/4,0.31,94.5,OK
60,8,30,40,67,17,14.7,103.9,OUI,OUI,0.92,3.69,1/4,0.31,94.5,OK
60,8,30,42,67,17,13.4,91.8,OUI,OUI,0.92,3.69,1/4,0.31,94.5,OK
60,8,30,44,67,17,12.2,82,OUI,OUI,0.92,3.69,1/4,0.31,94.5,OK
60,8,30,46,67,17,11,73.9,OUI,OUI,0.92,3.69,1/4,0.31,94.5,OK
60,8,30,48,67,17,9.8,67,OUI,OUI,0.92,3.69,1/4,0.31,94.5,OK
60,8,30,50,67,17,8.7,61.2,OUI,OUI,0.92,3.69,1/4,0.31,94.5,OK
60,8,33,36,67,17,19.1,153.9,NON,OUI,0.92,3.69,1/4,0.31,94.5,
60,8,33,38,67,17,17.6,131.3,NON,OUI,0.92,3.69,1/4,0.31,94.5,
60,8,33,40,67,17,16.2,114.3,OUI,OUI,0.92,3.69,1/4,0.31,94.5,OK
60,8,33,42,67,17,14.8,100.9,OUI,OUI,0.92,3.69,1/4,0.31,94.5,OK
60,8,33,44,67,17,13.4,90.2,OUI,OUI,0.92,3.69,1/4,0.31,94.5,OK
60,8,33,46,67,17,12.1,81.2,OUI,OUI,0.92,3.69,1/4,0.31,94.5,OK
60,8,33,48,67,17,10.8,73.8,OUI,OUI,0.92,3.69,1/4,0.31,94.5,OK
60,8,33,50,67,17,9.5,67.3,OUI,OUI,0.92,3.69,1/4,0.31,94.5,OK
60,8,35,36,67,17,20.3,163.2,NON,OUI,0.92,3.69,1/4,0.31,94.5,
60,8,35,38,67,17,18.7,139.3,NON,OUI,0.92,3.69,1/4,0.31,94.5,
60,8,35,40,67,17,17.2,121.2,NON,OUI,0.92,3.69,1/4,0.31,94.5,
60,8,35,42,67,17,15.7,107,OUI,OUI,0.92,3.69,1/4,0.31,94.5,OK
60,8,35,44,67,17,14.2,95.6,OUI,OUI,0.92,3.69,1/4,0.31,94.5,OK
60,8,35,46,67,17,12.8,86.2,OUI,OUI,0.92,3.69,1/4,0.31,94.5,OK
60,8,35,48,67,17,11.4,78.2,OUI,OUI,0.92,3.69,1/4,0.31,94.5,OK
60,8,35,50,67,17,10.1,71.4,OUI,OUI,0.92,3.69,1/4,0.31,94.5,OK
60,8,37,36,67,17,21.5,172.5,NON,OUI,0.92,3.69,1/4,0.31,94.5,
60,8,37,38,67,17,19.8,147.2,NON,OUI,0.92,3.69,1/4,0.31,94.5,
60,8,37,40,67,17,18.1,128.1,NON,OUI,0.92,3.69,1/4,0.31,94.5,
60,8,37,42,67,17,16.6,113.2,OUI,OUI,0.92,3.69,1/4,0.31,94.5,OK
60,8,37,44,67,17,15,101.1,OUI,OUI,0.92,3.69,1/4,0.31,94.5,OK
60,8,37,46,67,17,13.5,91.1,OUI,OUI,0.92,3.69,1/4,0.31,94.5,OK
60,8,37,48,67,17,12.1,82.7,OUI,OUI,0.92,3.69,1/4,0.31,94.5,OK
60,8,37,50,67,17,10.7,75.5,OUI,OUI,0.92,3.69,1/4,0.31,94.5,OK
60,8,40,36,67,17,23.2,186.5,NON,OUI,0.92,3.69,1/4,0.31,94.5,
60,8,40,38,67,17,21.4,159.2,NON,OUI,0.92,3.69,1/4,0.31,94.5,
60,8,40,40,67,17,19.6,138.5,NON,OUI,0.92,3.69,1/4,0.31,94.5,
60,8,40,42,67,17,17.9,122.3,NON,OUI,0.92,3.69,1/4,0.31,94.5,
60,8,40,44,67,17,16.2,109.3,OUI,OUI,0.92,3.69,1/4,0.31,94.5,OK
60,8,40,46,67,17,14.6,98.5,OUI,OUI,0.92,3.69,1/4,0.31,94.5,OK
60,8,40,48,67,17,13.1,89.4,OUI,OUI,0.92,3.69,1/4,0.31,94.5,OK
60,8,40,50,67,17,11.5,81.6,OUI,OUI,0.92,3.69,1/4,0.31,94.5,OK
60,10,28,36,67,17,16.2,130.6,OUI,OUI,0.74,2.95,1/3,0.25,94.5,OK
60,10,28,38,67,17,15,111.4,OUI,OUI,0.74,2.95,1/3,0.25,94.5,OK
60,10,28,40,67,17,13.7,97,OUI,OUI,0.74,2.95,1/3,0.25,94.5,OK
60,10,28,42,67,17,12.5,85.6,OUI,OUI,0.74,2.95,1/3,0.25,94.5,OK
60,10,28,44,67,17,11.4,76.5,OUI,OUI,0.74,2.95,1/3,0.25,94.5,OK
60,10,28,46,67,17,10.2,68.9,OUI,OUI,0.74,2.95,1/3,0.25,94.5,OK
60,10,28,48,67,17,9.2,62.6,OUI,OUI,0.74,2.95,1/3,0.25,94.5,OK
60,10,28,50,67,17,8.1,57.1,OUI,NON,0.74,2.95,1/3,0.25,94.5,
60,10,30,36,67,17,17.4,139.9,NON,OUI,0.74,2.95,1/3,0.25,94.5,
60,10,30,38,67,17,16,119.4,OUI,OUI,0.74,2.95,1/3,0.25,94.5,OK
60,10,30,40,67,17,14.7,103.9,OUI,OUI,0.74,2.95,1/3,0.25,94.5,OK
60,10,30,42,67,17,13.4,91.8,OUI,OUI,0.74,2.95,1/3,0.25,94.5,OK
60,10,30,44,67,17,12.2,82,OUI,OUI,0.74,2.95,1/3,0.25,94.5,OK
60,10,30,46,67,17,11,73.9,OUI,OUI,0.74,2.95,1/3,0.25,94.5,OK
60,10,30,48,67,17,9.8,67,OUI,OUI,0.74,2.95,1/3,0.25,94.5,OK
60,10,30,50,67,17,8.7,61.2,OUI,OUI,0.74,2.95,1/3,0.25,94.5,OK
60,10,33,36,67,17,19.1,153.9,NON,OUI,0.74,2.95,1/3,0.25,94.5,
60,10,33,38,67,17,17.6,131.3,NON,OUI,0.74,2.95,1/3,0.25,94.5,
60,10,33,40,67,17,16.2,114.3,OUI,OUI,0.74,2.95,1/3,0.25,94.5,OK
60,10,33,42,67,17,14.8,100.9,OUI,OUI,0.74,2.95,1/3,0.25,94.5,OK
60,10,33,44,67,17,13.4,90.2,OUI,OUI,0.74,2.95,1/3,0.25,94.5,OK
60,10,33,46,67,17,12.1,81.2,OUI,OUI,0.74,2.95,1/3,0.25,94.5,OK
60,10,33,48,67,17,10.8,73.8,OUI,OUI,0.74,2.95,1/3,0.25,94.5,OK
60,10,33,50,67,17,9.5,67.3,OUI,OUI,0.74,2.95,1/3,0.25,94.5,OK
60,10,35,36,67,17,20.3,163.2,NON,OUI,0.74,2.95,1/3,0.25,94.5,
60,10,35,38,67,17,18.7,139.3,NON,OUI,0.74,2.95,1/3,0.25,94.5,
60,10,35,40,67,17,17.2,121.2,NON,OUI,0.74,2.95,1/3,0.25,94.5,
60,10,35,42,67,17,15.7,107,OUI,OUI,0.74,2.95,1/3,0.25,94.5,OK
60,10,35,44,67,17,14.2,95.6,OUI,OUI,0.74,2.95,1/3,0.25,94.5,OK
60,10,35,46,67,17,12.8,86.2,OUI,OUI,0.74,2.95,1/3,0.25,94.5,OK
60,10,35,48,67,17,11.4,78.2,OUI,OUI,0.74,2.95,1/3,0.25,94.5,OK
60,10,35,50,67,17,10.1,71.4,OUI,OUI,0.74,2.95,1/3,0.25,94.5,OK
60,10,37,36,67,17,21.5,172.5,NON,OUI,0.74,2.95,1/3,0.25,94.5,
60,10,37,38,67,17,19.8,147.2,NON,OUI,0.74,2.95,1/3,0.25,94.5,
60,10,37,40,67,17,18.1,128.1,NON,OUI,0.74,2.95,1/3,0.25,94.5,
60,10,37,42,67,17,16.6,113.2,OUI,OUI,0.74,2.95,1/3,0.25,94.5,OK
60,10,37,44,67,17,15,101.1,OUI,OUI,0.74,2.95,1/3,0.25,94.5,OK
60,10,37,46,67,17,13.5,91.1,OUI,OUI,0.74,2.95,1/3,0.25,94.5,OK
60,10,37,48,67,17,12.1,82.7,OUI,OUI,0.74,2.95,1/3,0.25,94.5,OK
60,10,37,50,67,17,10.7,75.5,OUI,OUI,0.74,2.95,1/3,0.25,94.5,OK
60,10,40,36,67,17,23.2,186.5,NON,OUI,0.74,2.95,1/3,0.25,94.5,
60,10,40,38,67,17,21.4,159.2,NON,OUI,0.74,2.95,1/3,0.25,94.5,
60,10,40,40,67,17,19.6,138.5,NON,OUI,0.74,2.95,1/3,0.25,94.5,
60,10,40,42,67,17,17.9,122.3,NON,OUI,0.74,2.95,1/3,0.25,94.5,
60,10,40,44,67,17,16.2,109.3,OUI,OUI,0.74,2.95,1/3,0.25,94.5,OK
60,10,40,46,67,17,14.6,98.5,OUI,OUI,0.74,2.95,1/3,0.25,94.5,OK
60,10,40,48,67,17,13.1,89.4,OUI,OUI,0.74,2.95,1/3,0.25,94.5,OK
60,10,40,50,67,17,11.5,81.6,OUI,OUI,0.74,2.95,1/3,0.25,94.5,OK
60,12,28,36,67,17,16.2,130.6,OUI,OUI,0.62,2.46,1/2,0.21,94.5,OK
60,12,28,38,67,17,15,111.4,OUI,OUI,0.62,2.46,1/2,0.21,94.5,OK
60,12,28,40,67,17,13.7,97,OUI,OUI,0.62,2.46,1/2,0.21,94.5,OK
60,12,28,42,67,17,12.5,85.6,OUI,OUI,0.62,2.46,1/2,0.21,94.5,OK
60,12,28,44,67,17,11.4,76.5,OUI,OUI,0.62,2.46,1/2,0.21,94.5,OK
60,12,28,46,67,17,10.2,68.9,OUI,OUI,0.62,2.46,1/2,0.21,94.5,OK
60,12,28,48,67,17,9.2,62.6,OUI,OUI,0.62,2.46,1/2,0.21,94.5,OK
60,12,28,50,67,17,8.1,57.1,OUI,NON,0.62,2.46,1/2,0.21,94.5,
60,12,30,36,67,17,17.4,139.9,NON,OUI,0.62,2.46,1/2,0.21,94.5,
60,12,30,38,67,17,16,119.4,OUI,OUI,0.62,2.46,1/2,0.21,94.5,OK
60,12,30,40,67,17,14.7,103.9,OUI,OUI,0.62,2.46,1/2,0.21,94.5,OK
60,12,30,42,67,17,13.4,91.8,OUI,OUI,0.62,2.46,1/2,0.21,94.5,OK
60,12,30,44,67,17,12.2,82,OUI,OUI,0.62,2.46,1/2,0.21,94.5,OK
60,12,30,46,67,17,11,73.9,OUI,OUI,0.62,2.46,1/2,0.21,94.5,OK
60,12,30,48,67,17,9.8,67,OUI,OUI,0.62,2.46,1/2,0.21,94.5,OK
60,12,30,50,67,17,8.7,61.2,OUI,OUI,0.62,2.46,1/2,0.21,94.5,OK
60,12,33,36,67,17,19.1,153.9,NON,OUI,0.62,2.46,1/2,0.21,94.5,
60,12,33,38,67,17,17.6,131.3,NON,OUI,0.62,2.46,1/2,0.21,94.5,
60,12,33,40,67,17,16.2,114.3,OUI,OUI,0.62,2.46,1/2,0.21,94.5,OK
60,12,33,42,67,17,14.8,100.9,OUI,OUI,0.62,2.46,1/2,0.21,94.5,OK
60,12,33,44,67,17,13.4,90.2,OUI,OUI,0.62,2.46,1/2,0.21,94.5,OK
60,12,33,46,67,17,12.1,81.2,OUI,OUI,0.62,2.46,1/2,0.21,94.5,OK
60,12,33,48,67,17,10.8,73.8,OUI,OUI,0.62,2.46,1/2,0.21,94.5,OK
60,12,33,50,67,17,9.5,67.3,OUI,OUI,0.62,2.46,1/2,0.21,94.5,OK
60,12,35,36,67,17,20.3,163.2,NON,OUI,0.62,2.46,1/2,0.21,94.5,
60,12,35,38,67,17,18.7,139.3,NON,OUI,0.62,2.46,1/2,0.21,94.5,
60,12,35,40,67,17,17.2,121.2,NON,OUI,0.62,2.46,1/2,0.21,94.5,
60,12,35,42,67,17,15.7,107,OUI,OUI,0.62,2.46,1/2,0.21,94.5,OK
60,12,35,44,67,17,14.2,95.6,OUI,OUI,0.62,2.46,1/2,0.21,94.5,OK
60,12,35,46,67,17,12.8,86.2,OUI,OUI,0.62,2.46,1/2,0.21,94.5,OK
60,12,35,48,67,17,11.4,78.2,OUI,OUI,0.62,2.46,1/2,0.21,94.5,OK
60,12,35,50,67,17,10.1,71.4,OUI,OUI,0.62,2.46,1/2,0.21,94.5,OK
60,12,37,36,67,17,21.5,172.5,NON,OUI,0.62,2.46,1/2,0.21,94.5,
60,12,37,38,67,17,19.8,147.2,NON,OUI,0.62,2.46,1/2,0.21,94.5,
60,12,37,40,67,17,18.1,128.1,NON,OUI,0.62,2.46,1/2,0.21,94.5,
60,12,37,42,67,17,16.6,113.2,OUI,OUI,0.62,2.46,1/2,0.21,94.5,OK
60,12,37,44,67,17,15,101.1,OUI,OUI,0.62,2.46,1/2,0.21,94.5,OK
60,12,37,46,67,17,13.5,91.1,OUI,OUI,0.62,2.46,1/2,0.21,94.5,OK
60,12,37,48,67,17,12.1,82.7,OUI,OUI,0.62,2.46,1/2,0.21,94.5,OK
60,12,37,50,67,17,10.7,75.5,OUI,OUI,0.62,2.46,1/2,0.21,94.5,OK
60,12,40,36,67,17,23.2,186.5,NON,OUI,0.62,2.46,1/2,0.21,94.5,
60,12,40,38,67,17,21.4,159.2,NON,OUI,0.62,2.46,1/2,0.21,94.5,
60,12,40,40,67,17,19.6,138.5,NON,OUI,0.62,2.46,1/2,0.21,94.5,
60,12,40,42,67,17,17.9,122.3,NON,OUI,0.62,2.46,1/2,0.21,94.5,
60,12,40,44,67,17,16.2,109.3,OUI,OUI,0.62,2.46,1/2,0.21,94.5,OK
60,12,40,46,67,17,14.6,98.5,OUI,OUI,0.62,2.46,1/2,0.21,94.5,OK
60,12,40,48,67,17,13.1,89.4,OUI,OUI,0.62,2.46,1/2,0.21,94.5,OK
60,12,40,50,67,17,11.5,81.6,OUI,OUI,0.62,2.46,1/2,0.21,94.5,OK
60,15,28,36,67,17,16.2,130.6,OUI,OUI,0.49,1.97,1/2,0.16,94.5,OK
60,15,28,38,67,17,15,111.4,OUI,OUI,0.49,1.97,1/2,0.16,94.5,OK
60,15,28,40,67,17,13.7,97,OUI,OUI,0.49,1.97,1/2,0.16,94.5,OK
60,15,28,42,67,17,12.5,85.6,OUI,OUI,0.49,1.97,1/2,0.16,94.5,OK
60,15,28,44,67,17,11.4,76.5,OUI,OUI,0.49,1.97,1/2,0.16,94.5,OK
60,15,28,46,67,17,10.2,68.9,OUI,OUI,0.49,1.97,1/2,0.16,94.5,OK
60,15,28,48,67,17,9.2,62.6,OUI,OUI,0.49,1.97,1/2,0.16,94.5,OK
60,15,28,50,67,17,8.1,57.1,OUI,NON,0.49,1.97,1/2,0.16,94.5,
60,15,30,36,67,17,17.4,139.9,NON,OUI,0.49,1.97,1/2,0.16,94.5,
60,15,30,38,67,17,16,119.4,OUI,OUI,0.49,1.97,1/2,0.16,94.5,OK
60,15,30,40,67,17,14.7,103.9,OUI,OUI,0.49,1.97,1/2,0.16,94.5,OK
60,15,30,42,67,17,13.4,91.8,OUI,OUI,0.49,1.97,1/2,0.16,94.5,OK
60,15,30,44,67,17,12.2,82,OUI,OUI,0.49,1.97,1/2,0.16,94.5,OK
60,15,30,46,67,17,11,73.9,OUI,OUI,0.49,1.97,1/2,0.16,94.5,OK
60,15,30,48,67,17,9.8,67,OUI,OUI,0.49,1.97,1/2,0.16,94.5,OK
60,15,30,50,67,17,8.7,61.2,OUI,OUI,0.49,1.97,1/2,0.16,94.5,OK
60,15,33,36,67,17,19.1,153.9,NON,OUI,0.49,1.97,1/2,0.16,94.5,
60,15,33,38,67,17,17.6,131.3,NON,OUI,0.49,1.97,1/2,0.16,94.5,
60,15,33,40,67,17,16.2,114.3,OUI,OUI,0.49,1.97,1/2,0.16,94.5,OK
60,15,33,42,67,17,14.8,100.9,OUI,OUI,0.49,1.97,1/2,0.16,94.5,OK
60,15,33,44,67,17,13.4,90.2,OUI,OUI,0.49,1.97,1/2,0.16,94.5,OK
60,15,33,46,67,17,12.1,81.2,OUI,OUI,0.49,1.97,1/2,0.16,94.5,OK
60,15,33,48,67,17,10.8,73.8,OUI,OUI,0.49,1.97,1/2,0.16,94.5,OK
60,15,33,50,67,17,9.5,67.3,OUI,OUI,0.49,1.97,1/2,0.16,94.5,OK
60,15,35,36,67,17,20.3,163.2,NON,OUI,0.49,1.97,1/2,0.16,94.5,
60,15,35,38,67,17,18.7,139.3,NON,OUI,0.49,1.97,1/2,0.16,94.5,
60,15,35,40,67,17,17.2,121.2,NON,OUI,0.49,1.97,1/2,0.16,94.5,
60,15,35,42,67,17,15.7,107,OUI,OUI,0.49,1.97,1/2,0.16,94.5,OK
60,15,35,44,67,17,14.2,95.6,OUI,OUI,0.49,1.97,1/2,0.16,94.5,OK
60,15,35,46,67,17,12.8,86.2,OUI,OUI,0.49,1.97,1/2,0.16,94.5,OK
60,15,35,48,67,17,11.4,78.2,OUI,OUI,0.49,1.97,1/2,0.16,94.5,OK
60,15,35,50,67,17,10.1,71.4,OUI,OUI,0.49,1.97,1/2,0.16,94.5,OK
60,15,37,36,67,17,21.5,172.5,NON,OUI,0.49,1.97,1/2,0.16,94.5,
60,15,37,38,67,17,19.8,147.2,NON,OUI,0.49,1.97,1/2,0.16,94.5,
60,15,37,40,67,17,18.1,128.1,NON,OUI,0.49,1.97,1/2,0.16,94.5,
60,15,37,42,67,17,16.6,113.2,OUI,OUI,0.49,1.97,1/2,0.16,94.5,OK
60,15,37,44,67,17,15,101.1,OUI,OUI,0.49,1.97,1/2,0.16,94.5,OK
60,15,37,46,67,17,13.5,91.1,OUI,OUI,0.49,1.97,1/2,0.16,94.5,OK
60,15,37,48,67,17,12.1,82.7,OUI,OUI,0.49,1.97,1/2,0.16,94.5,OK
60,15,37,50,67,17,10.7,75.5,OUI,OUI,0.49,1.97,1/2,0.16,94.5,OK
60,15,40,36,67,17,23.2,186.5,NON,OUI,0.49,1.97,1/2,0.16,94.5,
60,15,40,38,67,17,21.4,159.2,NON,OUI,0.49,1.97,1/2,0.16,94.5,
60,15,40,40,67,17,19.6,138.5,NON,OUI,0.49,1.97,1/2,0.16,94.5,
60,15,40,42,67,17,17.9,122.3,NON,OUI,0.49,1.97,1/2,0.16,94.5,
60,15,40,44,67,17,16.2,109.3,OUI,OUI,0.49,1.97,1/2,0.16,94.5,OK
60,15,40,46,67,17,14.6,98.5,OUI,OUI,0.49,1.97,1/2,0.16,94.5,OK
60,15,40,48,67,17,13.1,89.4,OUI,OUI,0.49,1.97,1/2,0.16,94.5,OK
60,15,40,50,67,17,11.5,81.6,OUI,OUI,0.49,1.97,1/2,0.16,94.5,OK
63,8,28,36,70,20,16.2,130.6,OUI,OUI,1.02,4.07,1/4,0.32,99.2,OK
63,8,28,38,70,20,15,111.4,OUI,OUI,1.02,4.07,1/4,0.32,99.2,OK
63,8,28,40,70,20,13.7,97,OUI,OUI,1.02,4.07,1/4,0.32,99.2,OK
63,8,28,42,70,20,12.5,85.6,OUI,OUI,1.02,4.07,1/4,0.32,99.2,OK
63,8,28,44,70,20,11.4,76.5,OUI,OUI,1.02,4.07,1/4,0.32,99.2,OK
63,8,28,46,70,20,10.2,68.9,OUI,OUI,1.02,4.07,1/4,0.32,99.2,OK
63,8,28,48,70,20,9.2,62.6,OUI,NON,1.02,4.07,1/4,0.32,99.2,
63,8,28,50,70,20,8.1,57.1,OUI,NON,1.02,4.07,1/4,0.32,99.2,
63,8,30,36,70,20,17.4,139.9,OUI,OUI,1.02,4.07,1/4,0.32,99.2,OK
63,8,30,38,70,20,16,119.4,OUI,OUI,1.02,4.07,1/4,0.32,99.2,OK
63,8,30,40,70,20,14.7,103.9,OUI,OUI,1.02,4.07,1/4,0.32,99.2,OK
63,8,30,42,70,20,13.4,91.8,OUI,OUI,1.02,4.07,1/4,0.32,99.2,OK
63,8,30,44,70,20,12.2,82,OUI,OUI,1.02,4.07,1/4,0.32,99.2,OK
63,8,30,46,70,20,11,73.9,OUI,OUI,1.02,4.07,1/4,0.32,99.2,OK
63,8,30,48,70,20,9.8,67,OUI,OUI,1.02,4.07,1/4,0.32,99.2,OK
63,8,30,50,70,20,8.7,61.2,OUI,NON,1.02,4.07,1/4,0.32,99.2,
63,8,33,36,70,20,19.1,153.9,OUI,OUI,1.02,4.07,1/4,0.32,99.2,OK
63,8,33,38,70,20,17.6,131.3,OUI,OUI,1.02,4.07,1/4,0.32,99.2,OK
63,8,33,40,70,20,16.2,114.3,OUI,OUI,1.02,4.07,1/4,0.32,99.2,OK
63,8,33,42,70,20,14.8,100.9,OUI,OUI,1.02,4.07,1/4,0.32,99.2,OK
63,8,33,44,70,20,13.4,90.2,OUI,OUI,1.02,4.07,1/4,0.32,99.2,OK
63,8,33,46,70,20,12.1,81.2,OUI,OUI,1.02,4.07,1/4,0.32,99.2,OK
63,8,33,48,70,20,10.8,73.8,OUI,OUI,1.02,4.07,1/4,0.32,99.2,OK
63,8,33,50,70,20,9.5,67.3,OUI,OUI,1.02,4.07,1/4,0.32,99.2,OK
63,8,35,36,70,20,20.3,163.2,NON,OUI,1.02,4.07,1/4,0.32,99.2,
63,8,35,38,70,20,18.7,139.3,OUI,OUI,1.02,4.07,1/4,0.32,99.2,OK
63,8,35,40,70,20,17.2,121.2,OUI,OUI,1.02,4.07,1/4,0.32,99.2,OK
63,8,35,42,70,20,15.7,107,OUI,OUI,1.02,4.07,1/4,0.32,99.2,OK
63,8,35,44,70,20,14.2,95.6,OUI,OUI,1.02,4.07,1/4,0.32,99.2,OK
63,8,35,46,70,20,12.8,86.2,OUI,OUI,1.02,4.07,1/4,0.32,99.2,OK
63,8,35,48,70,20,11.4,78.2,OUI,OUI,1.02,4.07,1/4,0.32,99.2,OK
63,8,35,50,70,20,10.1,71.4,OUI,OUI,1.02,4.07,1/4,0.32,99.2,OK
63,8,37,36,70,20,21.5,172.5,NON,OUI,1.02,4.07,1/4,0.32,99.2,
63,8,37,38,70,20,19.8,147.2,OUI,OUI,1.02,4.07,1/4,0.32,99.2,OK
63,8,37,40,70,20,18.1,128.1,OUI,OUI,1.02,4.07,1/4,0.32,99.2,OK
63,8,37,42,70,20,16.6,113.2,OUI,OUI,1.02,4.07,1/4,0.32,99.2,OK
63,8,37,44,70,20,15,101.1,OUI,OUI,1.02,4.07,1/4,0.32,99.2,OK
63,8,37,46,70,20,13.5,91.1,OUI,OUI,1.02,4.07,1/4,0.32,99.2,OK
63,8,37,48,70,20,12.1,82.7,OUI,OUI,1.02,4.07,1/4,0.32,99.2,OK
63,8,37,50,70,20,10.7,75.5,OUI,OUI,1.02,4.07,1/4,0.32,99.2,OK
63,8,40,36,70,20,23.2,186.5,NON,OUI,1.02,4.07,1/4,0.32,99.2,
63,8,40,38,70,20,21.4,159.2,NON,OUI,1.02,4.07,1/4,0.32,99.2,
63,8,40,40,70,20,19.6,138.5,OUI,OUI,1.02,4.07,1/4,0.32,99.2,OK
63,8,40,42,70,20,17.9,122.3,OUI,OUI,1.02,4.07,1/4,0.32,99.2,OK
63,8,40,44,70,20,16.2,109.3,OUI,OUI,1.02,4.07,1/4,0.32,99.2,OK
63,8,40,46,70,20,14.6,98.5,OUI,OUI,1.02,4.07,1/4,0.32,99.2,OK
63,8,40,48,70,20,13.1,89.4,OUI,OUI,1.02,4.07,1/4,0.32,99.2,OK
63,8,40,50,70,20,11.5,81.6,OUI,OUI,1.02,4.07,1/4,0.32,99.2,OK
63,10,28,36,70,20,16.2,130.6,OUI,OUI,0.81,3.25,1/3,0.26,99.2,OK
63,10,28,38,70,20,15,111.4,OUI,OUI,0.81,3.25,1/3,0.26,99.2,OK
63,10,28,40,70,20,13.7,97,OUI,OUI,0.81,3.25,1/3,0.26,99.2,OK
63,10,28,42,70,20,12.5,85.6,OUI,OUI,0.81,3.25,1/3,0.26,99.2,OK
63,10,28,44,70,20,11.4,76.5,OUI,OUI,0.81,3.25,1/3,0.26,99.2,OK
63,10,28,46,70,20,10.2,68.9,OUI,OUI,0.81,3.25,1/3,0.26,99.2,OK
63,10,28,48,70,20,9.2,62.6,OUI,NON,0.81,3.25,1/3,0.26,99.2,
63,10,28,50,70,20,8.1,57.1,OUI,NON,0.81,3.25,1/3,0.26,99.2,
63,10,30,36,70,20,17.4,139.9,OUI,OUI,0.81,3.25,1/3,0.26,99.2,OK
63,10,30,38,70,20,16,119.4,OUI,OUI,0.81,3.25,1/3,0.26,99.2,OK
63,10,30,40,70,20,14.7,103.9,OUI,OUI,0.81,3.25,1/3,0.26,99.2,OK
63,10,30,42,70,20,13.4,91.8,OUI,OUI,0.81,3.25,1/3,0.26,99.2,OK
63,10,30,44,70,20,12.2,82,OUI,OUI,0.81,3.25,1/3,0.26,99.2,OK
63,10,30,46,70,20,11,73.9,OUI,OUI,0.81,3.25,1/3,0.26,99.2,OK
63,10,30,48,70,20,9.8,67,OUI,OUI,0.81,3.25,1/3,0.26,99.2,OK
63,10,30,50,70,20,8.7,61.2,OUI,NON,0.81,3.25,1/3,0.26,99.2,
63,10,33,36,70,20,19.1,153.9,OUI,OUI,0.81,3.25,1/3,0.26,99.2,OK
63,10,33,38,70,20,17.6,131.3,OUI,OUI,0.81,3.25,1/3,0.26,99.2,OK
63,10,33,40,70,20,16.2,114.3,OUI,OUI,0.81,3.25,1/3,0.26,99.2,OK
63,10,33,42,70,20,14.8,100.9,OUI,OUI,0.81,3.25,1/3,0.26,99.2,OK
63,10,33,44,70,20,13.4,90.2,OUI,OUI,0.81,3.25,1/3,0.26,99.2,OK
63,10,33,46,70,20,12.1,81.2,OUI,OUI,0.81,3.25,1/3,0.26,99.2,OK
63,10,33,48,70,20,10.8,73.8,OUI,OUI,0.81,3.25,1/3,0.26,99.2,OK
63,10,33,50,70,20,9.5,67.3,OUI,OUI,0.81,3.25,1/3,0.26,99.2,OK
63,10,35,36,70,20,20.3,163.2,NON,OUI,0.81,3.25,1/3,0.26,99.2,
63,10,35,38,70,20,18.7,139.3,OUI,OUI,0.81,3.25,1/3,0.26,99.2,OK
63,10,35,40,70,20,17.2,121.2,OUI,OUI,0.81,3.25,1/3,0.26,99.2,OK
63,10,35,42,70,20,15.7,107,OUI,OUI,0.81,3.25,1/3,0.26,99.2,OK
63,10,35,44,70,20,14.2,95.6,OUI,OUI,0.81,3.25,1/3,0.26,99.2,OK
63,10,35,46,70,20,12.8,86.2,OUI,OUI,0.81,3.25,1/3,0.26,99.2,OK
63,10,35,48,70,20,11.4,78.2,OUI,OUI,0.81,3.25,1/3,0.26,99.2,OK
63,10,35,50,70,20,10.1,71.4,OUI,OUI,0.81,3.25,1/3,0.26,99.2,OK
63,10,37,36,70,20,21.5,172.5,NON,OUI,0.81,3.25,1/3,0.26,99.2,
63,10,37,38,70,20,19.8,147.2,OUI,OUI,0.81,3.25,1/3,0.26,99.2,OK
63,10,37,40,70,20,18.1,128.1,OUI,OUI,0.81,3.25,1/3,0.26,99.2,OK
63,10,37,42,70,20,16.6,113.2,OUI,OUI,0.81,3.25,1/3,0.26,99.2,OK
63,10,37,44,70,20,15,101.1,OUI,OUI,0.81,3.25,1/3,0.26,99.2,OK
63,10,37,46,70,20,13.5,91.1,OUI,OUI,0.81,3.25,1/3,0.26,99.2,OK
63,10,37,48,70,20,12.1,82.7,OUI,OUI,0.81,3.25,1/3,0.26,99.2,OK
63,10,37,50,70,20,10.7,75.5,OUI,OUI,0.81,3.25,1/3,0.26,99.2,OK
63,10,40,36,70,20,23.2,186.5,NON,OUI,0.81,3.25,1/3,0.26,99.2,
63,10,40,38,70,20,21.4,159.2,NON,OUI,0.81,3.25,1/3,0.26,99.2,
63,10,40,40,70,20,19.6,138.5,OUI,OUI,0.81,3.25,1/3,0.26,99.2,OK
63,10,40,42,70,20,17.9,122.3,OUI,OUI,0.81,3.25,1/3,0.26,99.2,OK
63,10,40,44,70,20,16.2,109.3,OUI,OUI,0.81,3.25,1/3,0.26,99.2,OK
63,10,40,46,70,20,14.6,98.5,OUI,OUI,0.81,3.25,1/3,0.26,99.2,OK
63,10,40,48,70,20,13.1,89.4,OUI,OUI,0.81,3.25,1/3,0.26,99.2,OK
63,10,40,50,70,20,11.5,81.6,OUI,OUI,0.81,3.25,1/3,0.26,99.2,OK
63,12,28,36,70,20,16.2,130.6,OUI,OUI,0.68,2.71,1/3,0.22,99.2,OK
63,12,28,38,70,20,15,111.4,OUI,OUI,0.68,2.71,1/3,0.22,99.2,OK
63,12,28,40,70,20,13.7,97,OUI,OUI,0.68,2.71,1/3,0.22,99.2,OK
63,12,28,42,70,20,12.5,85.6,OUI,OUI,0.68,2.71,1/3,0.22,99.2,OK
63,12,28,44,70,20,11.4,76.5,OUI,OUI,0.68,2.71,1/3,0.22,99.2,OK
63,12,28,46,70,20,10.2,68.9,OUI,OUI,0.68,2.71,1/3,0.22,99.2,OK
63,12,28,48,70,20,9.2,62.6,OUI,NON,0.68,2.71,1/3,0.22,99.2,
63,12,28,50,70,20,8.1,57.1,OUI,NON,0.68,2.71,1/3,0.22,99.2,
63,12,30,36,70,20,17.4,139.9,OUI,OUI,0.68,2.71,1/3,0.22,99.2,OK
63,12,30,38,70,20,16,119.4,OUI,OUI,0.68,2.71,1/3,0.22,99.2,OK
63,12,30,40,70,20,14.7,103.9,OUI,OUI,0.68,2.71,1/3,0.22,99.2,OK
63,12,30,42,70,20,13.4,91.8,OUI,OUI,0.68,2.71,1/3,0.22,99.2,OK
63,12,30,44,70,20,12.2,82,OUI,OUI,0.68,2.71,1/3,0.22,99.2,OK
63,12,30,46,70,20,11,73.9,OUI,OUI,0.68,2.71,1/3,0.22,99.2,OK
63,12,30,48,70,20,9.8,67,OUI,OUI,0.68,2.71,1/3,0.22,99.2,OK
63,12,30,50,70,20,8.7,61.2,OUI,NON,0.68,2.71,1/3,0.22,99.2,
63,12,33,36,70,20,19.1,153.9,OUI,OUI,0.68,2.71,1/3,0.22,99.2,OK
63,12,33,38,70,20,17.6,131.3,OUI,OUI,0.68,2.71,1/3,0.22,99.2,OK
63,12,33,40,70,20,16.2,114.3,OUI,OUI,0.68,2.71,1/3,0.22,99.2,OK
63,12,33,42,70,20,14.8,100.9,OUI,OUI,0.68,2.71,1/3,0.22,99.2,OK
63,12,33,44,70,20,13.4,90.2,OUI,OUI,0.68,2.71,1/3,0.22,99.2,OK
63,12,33,46,70,20,12.1,81.2,OUI,OUI,0.68,2.71,1/3,0.22,99.2,OK
63,12,33,48,70,20,10.8,73.8,OUI,OUI,0.68,2.71,1/3,0.22,99.2,OK
63,12,33,50,70,20,9.5,67.3,OUI,OUI,0.68,2.71,1/3,0.22,99.2,OK
63,12,35,36,70,20,20.3,163.2,NON,OUI,0.68,2.71,1/3,0.22,99.2,
63,12,35,38,70,20,18.7,139.3,OUI,OUI,0.68,2.71,1/3,0.22,99.2,OK
63,12,35,40,70,20,17.2,121.2,OUI,OUI,0.68,2.71,1/3,0.22,99.2,OK
63,12,35,42,70,20,15.7,107,OUI,OUI,0.68,2.71,1/3,0.22,99.2,OK
63,12,35,44,70,20,14.2,95.6,OUI,OUI,0.68,2.71,1/3,0.22,99.2,OK
63,12,35,46,70,20,12.8,86.2,OUI,OUI,0.68,2.71,1/3,0.22,99.2,OK
63,12,35,48,70,20,11.4,78.2,OUI,OUI,0.68,2.71,1/3,0.22,99.2,OK
63,12,35,50,70,20,10.1,71.4,OUI,OUI,0.68,2.71,1/3,0.22,99.2,OK
63,12,37,36,70,20,21.5,172.5,NON,OUI,0.68,2.71,1/3,0.22,99.2,
63,12,37,38,70,20,19.8,147.2,OUI,OUI,0.68,2.71,1/3,0.22,99.2,OK
63,12,37,40,70,20,18.1,128.1,OUI,OUI,0.68,2.71,1/3,0.22,99.2,OK
63,12,37,42,70,20,16.6,113.2,OUI,OUI,0.68,2.71,1/3,0.22,99.2,OK
63,12,37,44,70,20,15,101.1,OUI,OUI,0.68,2.71,1/3,0.22,99.2,OK
63,12,37,46,70,20,13.5,91.1,OUI,OUI,0.68,2.71,1/3,0.22,99.2,OK
63,12,37,48,70,20,12.1,82.7,OUI,OUI,0.68,2.71,1/3,0.22,99.2,OK
63,12,37,50,70,20,10.7,75.5,OUI,OUI,0.68,2.71,1/3,0.22,99.2,OK
63,12,40,36,70,20,23.2,186.5,NON,OUI,0.68,2.71,1/3,0.22,99.2,
63,12,40,38,70,20,21.4,159.2,NON,OUI,0.68,2.71,1/3,0.22,99.2,
63,12,40,40,70,20,19.6,138.5,OUI,OUI,0.68,2.71,1/3,0.22,99.2,OK
63,12,40,42,70,20,17.9,122.3,OUI,OUI,0.68,2.71,1/3,0.22,99.2,OK
63,12,40,44,70,20,16.2,109.3,OUI,OUI,0.68,2.71,1/3,0.22,99.2,OK
63,12,40,46,70,20,14.6,98.5,OUI,OUI,0.68,2.71,1/3,0.22,99.2,OK
63,12,40,48,70,20,13.1,89.4,OUI,OUI,0.68,2.71,1/3,0.22,99.2,OK
63,12,40,50,70,20,11.5,81.6,OUI,OUI,0.68,2.71,1/3,0.22,99.2,OK
63,15,28,36,70,20,16.2,130.6,OUI,OUI,0.54,2.17,1/2,0.17,99.2,OK
63,15,28,38,70,20,15,111.4,OUI,OUI,0.54,2.17,1/2,0.17,99.2,OK
63,15,28,40,70,20,13.7,97,OUI,OUI,0.54,2.17,1/2,0.17,99.2,OK
63,15,28,42,70,20,12.5,85.6,OUI,OUI,0.54,2.17,1/2,0.17,99.2,OK
63,15,28,44,70,20,11.4,76.5,OUI,OUI,0.54,2.17,1/2,0.17,99.2,OK
63,15,28,46,70,20,10.2,68.9,OUI,OUI,0.54,2.17,1/2,0.17,99.2,OK
63,15,28,48,70,20,9.2,62.6,OUI,NON,0.54,2.17,1/2,0.17,99.2,
63,15,28,50,70,20,8.1,57.1,OUI,NON,0.54,2.17,1/2,0.17,99.2,
63,15,30,36,70,20,17.4,139.9,OUI,OUI,0.54,2.17,1/2,0.17,99.2,OK
63,15,30,38,70,20,16,119.4,OUI,OUI,0.54,2.17,1/2,0.17,99.2,OK
63,15,30,40,70,20,14.7,103.9,OUI,OUI,0.54,2.17,1/2,0.17,99.2,OK
63,15,30,42,70,20,13.4,91.8,OUI,OUI,0.54,2.17,1/2,0.17,99.2,OK
63,15,30,44,70,20,12.2,82,OUI,OUI,0.54,2.17,1/2,0.17,99.2,OK
63,15,30,46,70,20,11,73.9,OUI,OUI,0.54,2.17,1/2,0.17,99.2,OK
63,15,30,48,70,20,9.8,67,OUI,OUI,0.54,2.17,1/2,0.17,99.2,OK
63,15,30,50,70,20,8.7,61.2,OUI,NON,0.54,2.17,1/2,0.17,99.2,
63,15,33,36,70,20,19.1,153.9,OUI,OUI,0.54,2.17,1/2,0.17,99.2,OK
63,15,33,38,70,20,17.6,131.3,OUI,OUI,0.54,2.17,1/2,0.17,99.2,OK
63,15,33,40,70,20,16.2,114.3,OUI,OUI,0.54,2.17,1/2,0.17,99.2,OK
63,15,33,42,70,20,14.8,100.9,OUI,OUI,0.54,2.17,1/2,0.17,99.2,OK
63,15,33,44,70,20,13.4,90.2,OUI,OUI,0.54,2.17,1/2,0.17,99.2,OK
63,15,33,46,70,20,12.1,81.2,OUI,OUI,0.54,2.17,1/2,0.17,99.2,OK
63,15,33,48,70,20,10.8,73.8,OUI,OUI,0.54,2.17,1/2,0.17,99.2,OK
63,15,33,50,70,20,9.5,67.3,OUI,OUI,0.54,2.17,1/2,0.17,99.2,OK
63,15,35,36,70,20,20.3,163.2,NON,OUI,0.54,2.17,1/2,0.17,99.2,
63,15,35,38,70,20,18.7,139.3,OUI,OUI,0.54,2.17,1/2,0.17,99.2,OK
63,15,35,40,70,20,17.2,121.2,OUI,OUI,0.54,2.17,1/2,0.17,99.2,OK
63,15,35,42,70,20,15.7,107,OUI,OUI,0.54,2.17,1/2,0.17,99.2,OK
63,15,35,44,70,20,14.2,95.6,OUI,OUI,0.54,2.17,1/2,0.17,99.2,OK
63,15,35,46,70,20,12.8,86.2,OUI,OUI,0.54,2.17,1/2,0.17,99.2,OK
63,15,35,48,70,20,11.4,78.2,OUI,OUI,0.54,2.17,1/2,0.17,99.2,OK
63,15,35,50,70,20,10.1,71.4,OUI,OUI,0.54,2.17,1/2,0.17,99.2,OK
63,15,37,36,70,20,21.5,172.5,NON,OUI,0.54,2.17,1/2,0.17,99.2,
63,15,37,38,70,20,19.8,147.2,OUI,OUI,0.54,2.17,1/2,0.17,99.2,OK
63,15,37,40,70,20,18.1,128.1,OUI,OUI,0.54,2.17,1/2,0.17,99.2,OK
63,15,37,42,70,20,16.6,113.2,OUI,OUI,0.54,2.17,1/2,0.17,99.2,OK
63,15,37,44,70,20,15,101.1,OUI,OUI,0.54,2.17,1/2,0.17,99.2,OK
63,15,37,46,70,20,13.5,91.1,OUI,OUI,0.54,2.17,1/2,0.17,99.2,OK
63,15,37,48,70,20,12.1,82.7,OUI,OUI,0.54,2.17,1/2,0.17,99.2,OK
63,15,37,50,70,20,10.7,75.5,OUI,OUI,0.54,2.17,1/2,0.17,99.2,OK
63,15,40,36,70,20,23.2,186.5,NON,OUI,0.54,2.17,1/2,0.17,99.2,
63,15,40,38,70,20,21.4,159.2,NON,OUI,0.54,2.17,1/2,0.17,99.2,
63,15,40,40,70,20,19.6,138.5,OUI,OUI,0.54,2.17,1/2,0.17,99.2,OK
63,15,40,42,70,20,17.9,122.3,OUI,OUI,0.54,2.17,1/2,0.17,99.2,OK
63,15,40,44,70,20,16.2,109.3,OUI,OUI,0.54,2.17,1/2,0.17,99.2,OK
63,15,40,46,70,20,14.6,98.5,OUI,OUI,0.54,2.17,1/2,0.17,99.2,OK
63,15,40,48,70,20,13.1,89.4,OUI,OUI,0.54,2.17,1/2,0.17,99.2,OK
63,15,40,50,70,20,11.5,81.6,OUI,OUI,0.54,2.17,1/2,0.17,99.2,OK
65,8,28,36,72,22,16.2,130.6,OUI,OUI,1.08,4.33,1/4,0.33,102.3,OK
65,8,28,38,72,22,15,111.4,OUI,OUI,1.08,4.33,1/4,0.33,102.3,OK
65,8,28,40,72,22,13.7,97,OUI,OUI,1.08,4.33,1/4,0.33,102.3,OK
65,8,28,42,72,22,12.5,85.6,OUI,OUI,1.08,4.33,1/4,0.33,102.3,OK
65,8,28,44,72,22,11.4,76.5,OUI,OUI,1.08,4.33,1/4,0.33,102.3,OK
65,8,28,46,72,22,10.2,68.9,OUI,OUI,1.08,4.33,1/4,0.33,102.3,OK
65,8,28,48,72,22,9.2,62.6,OUI,NON,1.08,4.33,1/4,0.33,102.3,
65,8,28,50,72,22,8.1,57.1,OUI,NON,1.08,4.33,1/4,0.33,102.3,
65,8,30,36,72,22,17.4,139.9,OUI,OUI,1.08,4.33,1/4,0.33,102.3,OK
65,8,30,38,72,22,16,119.4,OUI,OUI,1.08,4.33,1/4,0.33,102.3,OK
65,8,30,40,72,22,14.7,103.9,OUI,OUI,1.08,4.33,1/4,0.33,102.3,OK
65,8,30,42,72,22,13.4,91.8,OUI,OUI,1.08,4.33,1/4,0.33,102.3,OK
65,8,30,44,72,22,12.2,82,OUI,OUI,1.08,4.33,1/4,0.33,102.3,OK
65,8,30,46,72,22,11,73.9,OUI,OUI,1.08,4.33,1/4,0.33,102.3,OK
65,8,30,48,72,22,9.8,67,OUI,OUI,1.08,4.33,1/4,0.33,102.3,OK
65,8,30,50,72,22,8.7,61.2,OUI,NON,1.08,4.33,1/4,0.33,102.3,
65,8,33,36,72,22,19.1,153.9,OUI,OUI,1.08,4.33,1/4,0.33,102.3,OK
65,8,33,38,72,22,17.6,131.3,OUI,OUI,1.08,4.33,1/4,0.33,102.3,OK
65,8,33,40,72,22,16.2,114.3,OUI,OUI,1.08,4.33,1/4,0.33,102.3,OK
65,8,33,42,72,22,14.8,100.9,OUI,OUI,1.08,4.33,1/4,0.33,102.3,OK
65,8,33,44,72,22,13.4,90.2,OUI,OUI,1.08,4.33,1/4,0.33,102.3,OK
65,8,33,46,72,22,12.1,81.2,OUI,OUI,1.08,4.33,1/4,0.33,102.3,OK
65,8,33,48,72,22,10.8,73.8,OUI,OUI,1.08,4.33,1/4,0.33,102.3,OK
65,8,33,50,72,22,9.5,67.3,OUI,OUI,1.08,4.33,1/4,0.33,102.3,OK
65,8,35,36,72,22,20.3,163.2,OUI,OUI,1.08,4.33,1/4,0.33,102.3,OK
65,8,35,38,72,22,18.7,139.3,OUI,OUI,1.08,4.33,1/4,0.33,102.3,OK
65,8,35,40,72,22,17.2,121.2,OUI,OUI,1.08,4.33,1/4,0.33,102.3,OK
65,8,35,42,72,22,15.7,107,OUI,OUI,1.08,4.33,1/4,0.33,102.3,OK
65,8,35,44,72,22,14.2,95.6,OUI,OUI,1.08,4.33,1/4,0.33,102.3,OK
65,8,35,46,72,22,12.8,86.2,OUI,OUI,1.08,4.33,1/4,0.33,102.3,OK
65,8,35,48,72,22,11.4,78.2,OUI,OUI,1.08,4.33,1/4,0.33,102.3,OK
65,8,35,50,72,22,10.1,71.4,OUI,OUI,1.08,4.33,1/4,0.33,102.3,OK
65,8,37,36,72,22,21.5,172.5,OUI,OUI,1.08,4.33,1/4,0.33,102.3,OK
65,8,37,38,72,22,19.8,147.2,OUI,OUI,1.08,4.33,1/4,0.33,102.3,OK
65,8,37,40,72,22,18.1,128.1,OUI,OUI,1.08,4.33,1/4,0.33,102.3,OK
65,8,37,42,72,22,16.6,113.2,OUI,OUI,1.08,4.33,1/4,0.33,102.3,OK
65,8,37,44,72,22,15,101.1,OUI,OUI,1.08,4.33,1/4,0.33,102.3,OK
65,8,37,46,72,22,13.5,91.1,OUI,OUI,1.08,4.33,1/4,0.33,102.3,OK
65,8,37,48,72,22,12.1,82.7,OUI,OUI,1.08,4.33,1/4,0.33,102.3,OK
65,8,37,50,72,22,10.7,75.5,OUI,OUI,1.08,4.33,1/4,0.33,102.3,OK
65,8,40,36,72,22,23.2,186.5,NON,OUI,1.08,4.33,1/4,0.33,102.3,
65,8,40,38,72,22,21.4,159.2,OUI,OUI,1.08,4.33,1/4,0.33,102.3,OK
65,8,40,40,72,22,19.6,138.5,OUI,OUI,1.08,4.33,1/4,0.33,102.3,OK
65,8,40,42,72,22,17.9,122.3,OUI,OUI,1.08,4.33,1/4,0.33,102.3,OK
65,8,40,44,72,22,16.2,109.3,OUI,OUI,1.08,4.33,1/4,0.33,102.3,OK
65,8,40,46,72,22,14.6,98.5,OUI,OUI,1.08,4.33,1/4,0.33,102.3,OK
65,8,40,48,72,22,13.1,89.4,OUI,OUI,1.08,4.33,1/4,0.33,102.3,OK
65,8,40,50,72,22,11.5,81.6,OUI,OUI,1.08,4.33,1/4,0.33,102.3,OK
65,10,28,36,72,22,16.2,130.6,OUI,OUI,0.87,3.46,1/3,0.27,102.3,OK
65,10,28,38,72,22,15,111.4,OUI,OUI,0.87,3.46,1/3,0.27,102.3,OK
65,10,28,40,72,22,13.7,97,OUI,OUI,0.87,3.46,1/3,0.27,102.3,OK
65,10,28,42,72,22,12.5,85.6,OUI,OUI,0.87,3.46,1/3,0.27,102.3,OK
65,10,28,44,72,22,11.4,76.5,OUI,OUI,0.87,3.46,1/3,0.27,102.3,OK
65,10,28,46,72,22,10.2,68.9,OUI,OUI,0.87,3.46,1/3,0.27,102.3,OK
65,10,28,48,72,22,9.2,62.6,OUI,NON,0.87,3.46,1/3,0.27,102.3,
65,10,28,50,72,22,8.1,57.1,OUI,NON,0.87,3.46,1/3,0.27,102.3,
65,10,30,36,72,22,17.4,139.9,OUI,OUI,0.87,3.46,1/3,0.27,102.3,OK
65,10,30,38,72,22,16,119.4,OUI,OUI,0.87,3.46,1/3,0.27,102.3,OK
65,10,30,40,72,22,14.7,103.9,OUI,OUI,0.87,3.46,1/3,0.27,102.3,OK
65,10,30,42,72,22,13.4,91.8,OUI,OUI,0.87,3.46,1/3,0.27,102.3,OK
65,10,30,44,72,22,12.2,82,OUI,OUI,0.87,3.46,1/3,0.27,102.3,OK
65,10,30,46,72,22,11,73.9,OUI,OUI,0.87,3.46,1/3,0.27,102.3,OK
65,10,30,48,72,22,9.8,67,OUI,OUI,0.87,3.46,1/3,0.27,102.3,OK
65,10,30,50,72,22,8.7,61.2,OUI,NON,0.87,3.46,1/3,0.27,102.3,
65,10,33,36,72,22,19.1,153.9,OUI,OUI,0.87,3.46,1/3,0.27,102.3,OK
65,10,33,38,72,22,17.6,131.3,OUI,OUI,0.87,3.46,1/3,0.27,102.3,OK
65,10,33,40,72,22,16.2,114.3,OUI,OUI,0.87,3.46,1/3,0.27,102.3,OK
65,10,33,42,72,22,14.8,100.9,OUI,OUI,0.87,3.46,1/3,0.27,102.3,OK
65,10,33,44,72,22,13.4,90.2,OUI,OUI,0.87,3.46,1/3,0.27,102.3,OK
65,10,33,46,72,22,12.1,81.2,OUI,OUI,0.87,3.46,1/3,0.27,102.3,OK
65,10,33,48,72,22,10.8,73.8,OUI,OUI,0.87,3.46,1/3,0.27,102.3,OK
65,10,33,50,72,22,9.5,67.3,OUI,OUI,0.87,3.46,1/3,0.27,102.3,OK
65,10,35,36,72,22,20.3,163.2,OUI,OUI,0.87,3.46,1/3,0.27,102.3,OK
65,10,35,38,72,22,18.7,139.3,OUI,OUI,0.87,3.46,1/3,0.27,102.3,OK
65,10,35,40,72,22,17.2,121.2,OUI,OUI,0.87,3.46,1/3,0.27,102.3,OK
65,10,35,42,72,22,15.7,107,OUI,OUI,0.87,3.46,1/3,0.27,102.3,OK
65,10,35,44,72,22,14.2,95.6,OUI,OUI,0.87,3.46,1/3,0.27,102.3,OK
65,10,35,46,72,22,12.8,86.2,OUI,OUI,0.87,3.46,1/3,0.27,102.3,OK
65,10,35,48,72,22,11.4,78.2,OUI,OUI,0.87,3.46,1/3,0.27,102.3,OK
65,10,35,50,72,22,10.1,71.4,OUI,OUI,0.87,3.46,1/3,0.27,102.3,OK
65,10,37,36,72,22,21.5,172.5,OUI,OUI,0.87,3.46,1/3,0.27,102.3,OK
65,10,37,38,72,22,19.8,147.2,OUI,OUI,0.87,3.46,1/3,0.27,102.3,OK
65,10,37,40,72,22,18.1,128.1,OUI,OUI,0.87,3.46,1/3,0.27,102.3,OK
65,10,37,42,72,22,16.6,113.2,OUI,OUI,0.87,3.46,1/3,0.27,102.3,OK
65,10,37,44,72,22,15,101.1,OUI,OUI,0.87,3.46,1/3,0.27,102.3,OK
65,10,37,46,72,22,13.5,91.1,OUI,OUI,0.87,3.46,1/3,0.27,102.3,OK
65,10,37,48,72,22,12.1,82.7,OUI,OUI,0.87,3.46,1/3,0.27,102.3,OK
65,10,37,50,72,22,10.7,75.5,OUI,OUI,0.87,3.46,1/3,0.27,102.3,OK
65,10,40,36,72,22,23.2,186.5,NON,OUI,0.87,3.46,1/3,0.27,102.3,
65,10,40,38,72,22,21.4,159.2,OUI,OUI,0.87,3.46,1/3,0.27,102.3,OK
65,10,40,40,72,22,19.6,138.5,OUI,OUI,0.87,3.46,1/3,0.27,102.3,OK
65,10,40,42,72,22,17.9,122.3,OUI,OUI,0.87,3.46,1/3,0.27,102.3,OK
65,10,40,44,72,22,16.2,109.3,OUI,OUI,0.87,3.46,1/3,0.27,102.3,OK
65,10,40,46,72,22,14.6,98.5,OUI,OUI,0.87,3.46,1/3,0.27,102.3,OK
65,10,40,48,72,22,13.1,89.4,OUI,OUI,0.87,3.46,1/3,0.27,102.3,OK
65,10,40,50,72,22,11.5,81.6,OUI,OUI,0.87,3.46,1/3,0.27,102.3,OK
65,12,28,36,72,22,16.2,130.6,OUI,OUI,0.72,2.89,1/3,0.22,102.3,OK
65,12,28,38,72,22,15,111.4,OUI,OUI,0.72,2.89,1/3,0.22,102.3,OK
65,12,28,40,72,22,13.7,97,OUI,OUI,0.72,2.89,1/3,0.22,102.3,OK
65,12,28,42,72,22,12.5,85.6,OUI,OUI,0.72,2.89,1/3,0.22,102.3,OK
65,12,28,44,72,22,11.4,76.5,OUI,OUI,0.72,2.89,1/3,0.22,102.3,OK
65,12,28,46,72,22,10.2,68.9,OUI,OUI,0.72,2.89,1/3,0.22,102.3,OK
65,12,28,48,72,22,9.2,62.6,OUI,NON,0.72,2.89,1/3,0.22,102.3,
65,12,28,50,72,22,8.1,57.1,OUI,NON,0.72,2.89,1/3,0.22,102.3,
65,12,30,36,72,22,17.4,139.9,OUI,OUI,0.72,2.89,1/3,0.22,102.3,OK
65,12,30,38,72,22,16,119.4,OUI,OUI,0.72,2.89,1/3,0.22,102.3,OK
65,12,30,40,72,22,14.7,103.9,OUI,OUI,0.72,2.89,1/3,0.22,102.3,OK
65,12,30,42,72,22,13.4,91.8,OUI,OUI,0.72,2.89,1/3,0.22,102.3,OK
65,12,30,44,72,22,12.2,82,OUI,OUI,0.72,2.89,1/3,0.22,102.3,OK
65,12,30,46,72,22,11,73.9,OUI,OUI,0.72,2.89,1/3,0.22,102.3,OK
65,12,30,48,72,22,9.8,67,OUI,OUI,0.72,2.89,1/3,0.22,102.3,OK
65,12,30,50,72,22,8.7,61.2,OUI,NON,0.72,2.89,1/3,0.22,102.3,
65,12,33,36,72,22,19.1,153.9,OUI,OUI,0.72,2.89,1/3,0.22,102.3,OK
65,12,33,38,72,22,17.6,131.3,OUI,OUI,0.72,2.89,1/3,0.22,102.3,OK
65,12,33,40,72,22,16.2,114.3,OUI,OUI,0.72,2.89,1/3,0.22,102.3,OK
65,12,33,42,72,22,14.8,100.9,OUI,OUI,0.72,2.89,1/3,0.22,102.3,OK
65,12,33,44,72,22,13.4,90.2,OUI,OUI,0.72,2.89,1/3,0.22,102.3,OK
65,12,33,46,72,22,12.1,81.2,OUI,OUI,0.72,2.89,1/3,0.22,102.3,OK
65,12,33,48,72,22,10.8,73.8,OUI,OUI,0.72,2.89,1/3,0.22,102.3,OK
65,12,33,50,72,22,9.5,67.3,OUI,OUI,0.72,2.89,1/3,0.22,102.3,OK
65,12,35,36,72,22,20.3,163.2,OUI,OUI,0.72,2.89,1/3,0.22,102.3,OK
65,12,35,38,72,22,18.7,139.3,OUI,OUI,0.72,2.89,1/3,0.22,102.3,OK
65,12,35,40,72,22,17.2,121.2,OUI,OUI,0.72,2.89,1/3,0.22,102.3,OK
65,12,35,42,72,22,15.7,107,OUI,OUI,0.72,2.89,1/3,0.22,102.3,OK
65,12,35,44,72,22,14.2,95.6,OUI,OUI,0.72,2.89,1/3,0.22,102.3,OK
65,12,35,46,72,22,12.8,86.2,OUI,OUI,0.72,2.89,1/3,0.22,102.3,OK
65,12,35,48,72,22,11.4,78.2,OUI,OUI,0.72,2.89,1/3,0.22,102.3,OK
65,12,35,50,72,22,10.1,71.4,OUI,OUI,0.72,2.89,1/3,0.22,102.3,OK
65,12,37,36,72,22,21.5,172.5,OUI,OUI,0.72,2.89,1/3,0.22,102.3,OK
65,12,37,38,72,22,19.8,147.2,OUI,OUI,0.72,2.89,1/3,0.22,102.3,OK
65,12,37,40,72,22,18.1,128.1,OUI,OUI,0.72,2.89,1/3,0.22,102.3,OK
65,12,37,42,72,22,16.6,113.2,OUI,OUI,0.72,2.89,1/3,0.22,102.3,OK
65,12,37,44,72,22,15,101.1,OUI,OUI,0.72,2.89,1/3,0.22,102.3,OK
65,12,37,46,72,22,13.5,91.1,OUI,OUI,0.72,2.89,1/3,0.22,102.3,OK
65,12,37,48,72,22,12.1,82.7,OUI,OUI,0.72,2.89,1/3,0.22,102.3,OK
65,12,37,50,72,22,10.7,75.5,OUI,OUI,0.72,2.89,1/3,0.22,102.3,OK
65,12,40,36,72,22,23.2,186.5,NON,OUI,0.72,2.89,1/3,0.22,102.3,
65,12,40,38,72,22,21.4,159.2,OUI,OUI,0.72,2.89,1/3,0.22,102.3,OK
65,12,40,40,72,22,19.6,138.5,OUI,OUI,0.72,2.89,1/3,0.22,102.3,OK
65,12,40,42,72,22,17.9,122.3,OUI,OUI,0.72,2.89,1/3,0.22,102.3,OK
65,12,40,44,72,22,16.2,109.3,OUI,OUI,0.72,2.89,1/3,0.22,102.3,OK
65,12,40,46,72,22,14.6,98.5,OUI,OUI,0.72,2.89,1/3,0.22,102.3,OK
65,12,40,48,72,22,13.1,89.4,OUI,OUI,0.72,2.89,1/3,0.22,102.3,OK
65,12,40,50,72,22,11.5,81.6,OUI,OUI,0.72,2.89,1/3,0.22,102.3,OK
65,15,28,36,72,22,16.2,130.6,OUI,OUI,0.58,2.31,1/2,0.18,102.3,OK
65,15,28,38,72,22,15,111.4,OUI,OUI,0.58,2.31,1/2,0.18,102.3,OK
65,15,28,40,72,22,13.7,97,OUI,OUI,0.58,2.31,1/2,0.18,102.3,OK
65,15,28,42,72,22,12.5,85.6,OUI,OUI,0.58,2.31,1/2,0.18,102.3,OK
65,15,28,44,72,22,11.4,76.5,OUI,OUI,0.58,2.31,1/2,0.18,102.3,OK
65,15,28,46,72,22,10.2,68.9,OUI,OUI,0.58,2.31,1/2,0.18,102.3,OK
65,15,28,48,72,22,9.2,62.6,OUI,NON,0.58,2.31,1/2,0.18,102.3,
65,15,28,50,72,22,8.1,57.1,OUI,NON,0.58,2.31,1/2,0.18,102.3,
65,15,30,36,72,22,17.4,139.9,OUI,OUI,0.58,2.31,1/2,0.18,102.3,OK
65,15,30,38,72,22,16,119.4,OUI,OUI,0.58,2.31,1/2,0.18,102.3,OK
65,15,30,40,72,22,14.7,103.9,OUI,OUI,0.58,2.31,1/2,0.18,102.3,OK
65,15,30,42,72,22,13.4,91.8,OUI,OUI,0.58,2.31,1/2,0.18,102.3,OK
65,15,30,44,72,22,12.2,82,OUI,OUI,0.58,2.31,1/2,0.18,102.3,OK
65,15,30,46,72,22,11,73.9,OUI,OUI,0.58,2.31,1/2,0.18,102.3,OK
65,15,30,48,72,22,9.8,67,OUI,OUI,0.58,2.31,1/2,0.18,102.3,OK
65,15,30,50,72,22,8.7,61.2,OUI,NON,0.58,2.31,1/2,0.18,102.3,
65,15,33,36,72,22,19.1,153.9,OUI,OUI,0.58,2.31,1/2,0.18,102.3,OK
65,15,33,38,72,22,17.6,131.3,OUI,OUI,0.58,2.31,1/2,0.18,102.3,OK
65,15,33,40,72,22,16.2,114.3,OUI,OUI,0.58,2.31,1/2,0.18,102.3,OK
65,15,33,42,72,22,14.8,100.9,OUI,OUI,0.58,2.31,1/2,0.18,102.3,OK
65,15,33,44,72,22,13.4,90.2,OUI,OUI,0.58,2.31,1/2,0.18,102.3,OK
65,15,33,46,72,22,12.1,81.2,OUI,OUI,0.58,2.31,1/2,0.18,102.3,OK
65,15,33,48,72,22,10.8,73.8,OUI,OUI,0.58,2.31,1/2,0.18,102.3,OK
65,15,33,50,72,22,9.5,67.3,OUI,OUI,0.58,2.31,1/2,0.18,102.3,OK
65,15,35,36,72,22,20.3,163.2,OUI,OUI,0.58,2.31,1/2,0.18,102.3,OK
65,15,35,38,72,22,18.7,139.3,OUI,OUI,0.58,2.31,1/2,0.18,102.3,OK
65,15,35,40,72,22,17.2,121.2,OUI,OUI,0.58,2.31,1/2,0.18,102.3,OK
65,15,35,42,72,22,15.7,107,OUI,OUI,0.58,2.31,1/2,0.18,102.3,OK
65,15,35,44,72,22,14.2,95.6,OUI,OUI,0.58,2.31,1/2,0.18,102.3,OK
65,15,35,46,72,22,12.8,86.2,OUI,OUI,0.58,2.31,1/2,0.18,102.3,OK
65,15,35,48,72,22,11.4,78.2,OUI,OUI,0.58,2.31,1/2,0.18,102.3,OK
65,15,35,50,72,22,10.1,71.4,OUI,OUI,0.58,2.31,1/2,0.18,102.3,OK
65,15,37,36,72,22,21.5,172.5,OUI,OUI,0.58,2.31,1/2,0.18,102.3,OK
65,15,37,38,72,22,19.8,147.2,OUI,OUI,0.58,2.31,1/2,0.18,102.3,OK
65,15,37,40,72,22,18.1,128.1,OUI,OUI,0.58,2.31,1/2,0.18,102.3,OK
65,15,37,42,72,22,16.6,113.2,OUI,OUI,0.58,2.31,1/2,0.18,102.3,OK
65,15,37,44,72,22,15,101.1,OUI,OUI,0.58,2.31,1/2,0.18,102.3,OK
65,15,37,46,72,22,13.5,91.1,OUI,OUI,0.58,2.31,1/2,0.18,102.3,OK
65,15,37,48,72,22,12.1,82.7,OUI,OUI,0.58,2.31,1/2,0.18,102.3,OK
65,15,37,50,72,22,10.7,75.5,OUI,OUI,0.58,2.31,1/2,0.18,102.3,OK
65,15,40,36,72,22,23.2,186.5,NON,OUI,0.58,2.31,1/2,0.18,102.3,
65,15,40,38,72,22,21.4,159.2,OUI,OUI,0.58,2.31,1/2,0.18,102.3,OK
65,15,40,40,72,22,19.6,138.5,OUI,OUI,0.58,2.31,1/2,0.18,102.3,OK
65,15,40,42,72,22,17.9,122.3,OUI,OUI,0.58,2.31,1/2,0.18,102.3,OK
65,15,40,44,72,22,16.2,109.3,OUI,OUI,0.58,2.31,1/2,0.18,102.3,OK
65,15,40,46,72,22,14.6,98.5,OUI,OUI,0.58,2.31,1/2,0.18,102.3,OK
65,15,40,48,72,22,13.1,89.4,OUI,OUI,0.58,2.31,1/2,0.18,102.3,OK
65,15,40,50,72,22,11.5,81.6,OUI,OUI,0.58,2.31,1/2,0.18,102.3,OK
